longitude,latitude,type,date
-90.0193,29.4446,1,1996-06-01
-90.0949,29.5222,1,2001-06-01
-91.0808,29.5773,1,2006-06-01
-90.2188,29.6899,1,2011-06-01
-90.3331,29.3302,1,2016-06-01
-90.2249,29.1511,1,1996-06-01
-90.5517,29.1241,1,2001-06-01
-91.1372,29.2649,1,2006-06-01
-90.2131,29.518,1,2011-06-01
-89.9407,29.4353,1,2016-06-01
-90.6471,29.1267,1,1996-06-01
-91.1318,29.2793,1,2001-06-01
-90.8361,29.2683,1,2006-06-01
-91.1538,29.7028,1,2011-06-01
-90.8402,29.1375,1,2016-06-01
-90.9026,29.5452,1,1996-06-01
-89.8903,29.4089,1,2001-06-01
-91.262,29.201,1,2006-06-01
-89.8956,29.3831,1,2011-06-01
-90.8911,29.0967,1,2016-06-01
-89.5355,29.2789,1,1996-06-01
-89.8879,29.3401,1,2001-06-01
-90.2716,29.1644,1,2006-06-01
-89.3963,29.2795,1,2011-06-01
-89.5608,29.2359,1,2016-06-01
-90.399,29.2248,1,1996-06-01
-90.1843,29.2067,1,2001-06-01
-90.3364,29.0951,1,2006-06-01
-89.4018,29.3075,1,2011-06-01
-90.053,29.2853,1,2016-06-01
-90.9621,29.1682,1,1996-06-01
-89.6628,29.2438,1,2001-06-01
-91.177,29.8858,1,2006-06-01
-90.0526,29.1653,1,2011-06-01
-90.599,29.3077,1,2016-06-01
-90.1086,29.5048,1,1996-06-01
-90.5317,29.2926,1,2001-06-01
-89.8838,29.2824,1,2006-06-01
-90.168,29.8411,1,2011-06-01
-90.2676,29.1636,1,2016-06-01
-89.7307,29.3724,1,1996-06-01
-89.8493,29.3303,1,2001-06-01
-90.017,29.8597,1,2006-06-01
-90.3587,29.6094,1,2011-06-01
-91.1639,29.2907,1,2016-06-01
-90.5662,29.2564,1,1996-06-01
-89.9793,29.428,1,2001-06-01
-89.417,29.2878,1,2006-06-01
-90.1469,29.0928,1,2011-06-01
-90.2159,29.4512,1,2016-06-01
-90.4533,29.7316,1,1996-06-01
-90.5062,29.431,1,2001-06-01
-90.1377,29.5671,1,2006-06-01
-90.2931,29.5851,1,2011-06-01
-90.4426,29.1595,1,2016-06-01
-90.8572,29.0824,1,1996-06-01
-90.528,29.889,1,2001-06-01
-90.5463,29.2635,1,2006-06-01
-91.2366,29.2931,1,2011-06-01
-90.7521,29.0765,1,2016-06-01
-90.251,29.6726,1,1996-06-01
-90.2216,29.7646,1,2001-06-01
-90.5974,29.2091,1,2006-06-01
-89.6424,29.3409,1,2011-06-01
-89.4942,29.2417,1,2016-06-01
-90.0065,29.5268,1,1996-06-01
-90.2508,29.045,1,2001-06-01
-91.1682,29.2855,1,2006-06-01
-90.4794,29.2327,1,2011-06-01
-89.6568,29.3393,1,2016-06-01
-90.851,29.263,1,1996-06-01
-90.476,29.2556,1,2001-06-01
-90.831,29.4608,1,2006-06-01
-90.6554,29.167,1,2011-06-01
-90.8043,29.0845,1,2016-06-01
-90.6392,29.097,1,1996-06-01
-90.4401,29.3034,1,2001-06-01
-89.9631,29.3568,1,2006-06-01
-89.4805,29.3014,1,2011-06-01
-91.0313,29.1499,1,2016-06-01
-90.9227,29.095,1,1996-06-01
-89.9596,29.2687,1,2001-06-01
-89.5059,29.3219,1,2006-06-01
-90.0678,29.3512,1,2011-06-01
-89.8796,29.3014,1,2016-06-01
-90.8311,29.2743,1,1996-06-01
-89.8725,29.5538,1,2001-06-01
-90.2776,29.7019,1,2006-06-01
-91.14,29.2918,1,2011-06-01
-90.5653,29.2846,1,2016-06-01
-90.8221,29.062,1,1996-06-01
-90.4943,29.1247,1,2001-06-01
-89.9917,29.526,1,2006-06-01
-90.8541,29.0719,1,2011-06-01
-90.2406,29.8452,1,2016-06-01
-89.9255,29.2611,1,1996-06-01
-90.9844,29.5409,1,2001-06-01
-90.9831,29.1515,1,2006-06-01
-91.1757,29.3428,1,2011-06-01
-91.203,29.1797,1,2016-06-01
-90.4273,29.2591,1,1996-06-01
-90.4079,29.111,1,2001-06-01
-90.1698,29.1009,1,2006-06-01
-90.2554,29.2463,1,2011-06-01
-90.5686,29.2617,1,2016-06-01
-90.5584,29.2631,1,1996-06-01
-91.1792,29.5281,1,2001-06-01
-90.5076,29.1102,1,2006-06-01
-90.0678,29.3645,1,2011-06-01
-90.738,29.2082,1,2016-06-01
-90.432,29.485,1,1996-06-01
-91.0367,29.3601,1,2001-06-01
-89.6246,29.3062,1,2006-06-01
-90.2031,29.075,1,2011-06-01
-91.3188,29.2669,1,2016-06-01
-90.5356,29.6662,1,1996-06-01
-90.3443,29.5986,1,2001-06-01
-90.0926,29.1499,1,2006-06-01
-90.4081,29.2833,1,2011-06-01
-90.894,29.5689,1,2016-06-01
-89.8896,29.2789,1,1996-06-01
-89.53,29.2865,1,2001-06-01
-90.0227,29.1995,1,2006-06-01
-89.6013,29.2196,1,2011-06-01
-91.0646,29.1661,1,2016-06-01
-90.9077,29.1241,1,1996-06-01
-90.1185,29.3472,1,2001-06-01
-90.4056,29.1902,1,2006-06-01
-89.7327,29.379,1,2011-06-01
-90.8875,29.3925,1,2016-06-01
-90.3116,29.157,1,1996-06-01
-91.2568,29.2376,1,2001-06-01
-90.7816,29.1474,1,2006-06-01
-89.9895,29.3217,1,2011-06-01
-90.3393,29.2765,1,2016-06-01
-90.7128,29.5367,1,1996-06-01
-89.7012,29.28,1,2001-06-01
-90.3294,29.2301,1,2006-06-01
-89.8698,29.3668,1,2011-06-01
-90.749,29.385,1,2016-06-01
-91.1144,29.639,1,1996-06-01
-89.5273,29.2459,1,2001-06-01
-90.6497,29.0394,1,2006-06-01
-90.9649,29.0386,1,2011-06-01
-90.2906,29.0935,1,2016-06-01
-90.3885,29.1374,1,1996-06-01
-90.1053,29.2979,1,2001-06-01
-91.0146,29.2848,1,2006-06-01
-90.1572,29.5844,1,2011-06-01
-90.6362,29.4562,1,2016-06-01
-90.9374,29.0156,1,1996-06-01
-90.2419,29.3525,1,2001-06-01
-90.5312,29.0601,1,2006-06-01
-89.5577,29.3321,1,2011-06-01
-90.1025,29.1895,1,2016-06-01
-90.1819,29.4184,1,1996-06-01
-90.2277,29.7353,1,2001-06-01
-90.8888,29.0348,1,2006-06-01
-90.393,29.2538,1,2011-06-01
-90.879,29.0842,1,2016-06-01
-90.149,29.1068,1,1996-06-01
-90.039,29.7523,1,2001-06-01
-91.197,29.6372,1,2006-06-01
-90.606,29.2286,1,2011-06-01
-90.3405,29.2407,1,2016-06-01
-90.2728,29.3305,1,1996-06-01
-90.0718,29.2993,1,2001-06-01
-89.9663,29.329,1,2006-06-01
-89.8456,29.4142,1,2011-06-01
-90.6757,29.0131,1,2016-06-01
-91.2114,29.4419,1,1996-06-01
-90.309,29.1859,1,2001-06-01
-90.674,29.1315,1,2006-06-01
-90.3977,29.7957,1,2011-06-01
-89.9697,29.4486,1,2016-06-01
-89.6147,29.2505,1,1996-06-01
-89.5238,29.2302,1,2001-06-01
-90.7485,29.0893,1,2006-06-01
-89.7584,29.3672,1,2011-06-01
-90.1779,29.0948,1,2016-06-01
-89.9083,29.3988,1,1996-06-01
-90.3268,29.2509,1,2001-06-01
-89.8755,29.4287,1,2006-06-01
-90.2514,29.112,1,2011-06-01
-90.7678,29.096,1,2016-06-01
-90.4779,29.1247,1,1996-06-01
-90.5286,29.0996,1,2001-06-01
-90.9521,29.1596,1,2006-06-01
-89.9834,29.1954,1,2011-06-01
-90.6678,29.3444,1,2016-06-01
-90.004,29.3726,1,1996-06-01
-90.04,29.2764,1,2001-06-01
-90.3705,29.2258,1,2006-06-01
-91.1085,29.838,1,2011-06-01
-90.377,29.0972,1,2016-06-01
-90.9575,29.0592,1,1996-06-01
-90.3774,29.2432,1,2001-06-01
-89.9166,29.4207,1,2006-06-01
-90.8778,29.0269,1,2011-06-01
-89.8207,29.3868,1,2016-06-01
-90.4034,29.3436,2,1996-06-01
-90.2367,29.5708,2,2001-06-01
-90.4248,29.5459,2,2006-06-01
-90.086,29.7044,2,2011-06-01
-91.0981,29.7051,2,2016-06-01
-90.8744,29.3447,2,1996-06-01
-90.7795,29.3236,2,2001-06-01
-89.9411,29.5487,2,2006-06-01
-89.9648,29.5167,2,2011-06-01
-90.249,29.8183,2,2016-06-01
-90.5331,29.7939,2,1996-06-01
-91.1649,29.5757,2,2001-06-01
-90.4842,29.7619,2,2006-06-01
-90.3144,29.654,2,2011-06-01
-90.9799,29.2761,2,2016-06-01
-90.798,29.2551,2,1996-06-01
-90.2437,29.876,2,2001-06-01
-90.0213,29.6667,2,2006-06-01
-89.9339,29.4645,2,2011-06-01
-90.9247,29.2643,2,2016-06-01
-89.9107,29.5774,2,1996-06-01
-89.658,29.3999,2,2001-06-01
-90.829,29.3677,2,2006-06-01
-90.5266,29.9382,2,2011-06-01
-90.1785,29.4627,2,2016-06-01
-89.6905,29.433,2,1996-06-01
-90.7722,29.4799,2,2001-06-01
-90.9178,29.1647,2,2006-06-01
-90.2456,29.2626,2,2011-06-01
-91.0053,29.2241,2,2016-06-01
-90.6496,29.8149,2,1996-06-01
-91.0927,29.2143,2,2001-06-01
-90.2037,29.3992,2,2006-06-01
-90.4772,29.7559,2,2011-06-01
-91.1228,29.5689,2,2016-06-01
-90.3434,29.466,2,1996-06-01
-90.2469,29.5759,2,2001-06-01
-89.859,29.5799,2,2006-06-01
-90.1016,29.6465,2,2011-06-01
-91.0292,29.3928,2,2016-06-01
-90.827,29.5189,2,1996-06-01
-90.8407,29.1044,2,2001-06-01
-90.113,29.7398,2,2006-06-01
-90.6154,29.8858,2,2011-06-01
-90.3854,29.6016,2,2016-06-01
-90.1775,29.5787,2,1996-06-01
-90.3456,29.8198,2,2001-06-01
-90.0581,29.604,2,2006-06-01
-90.3092,29.8291,2,2011-06-01
-90.1359,29.6795,2,2016-06-01
-90.3397,29.5794,2,1996-06-01
-90.758,29.3364,2,2001-06-01
-89.453,29.262,2,2006-06-01
-90.9927,29.3309,2,2011-06-01
-89.6363,29.4417,2,2016-06-01
-90.6452,29.6228,2,1996-06-01
-90.6946,29.4133,2,2001-06-01
-90.3641,29.8143,2,2006-06-01
-90.8682,29.3186,2,2011-06-01
-90.2881,29.391,2,2016-06-01
-90.7766,29.2426,2,1996-06-01
-90.3366,29.8467,2,2001-06-01
-90.7558,29.2728,2,2006-06-01
-90.1769,29.3346,2,2011-06-01
-90.3528,29.7647,2,2016-06-01
-91.1094,29.265,2,1996-06-01
-90.8651,29.3049,2,2001-06-01
-89.8374,29.5117,2,2006-06-01
-91.1148,29.4319,2,2011-06-01
-90.1221,29.397,2,2016-06-01
-90.3019,29.2889,2,1996-06-01
-90.9495,29.2582,2,2001-06-01
-91.0508,29.3626,2,2006-06-01
-90.3,29.8416,2,2011-06-01
-90.6599,29.2554,2,2016-06-01
-90.2696,29.3092,2,1996-06-01
-91.298,29.3067,2,2001-06-01
-91.0359,29.4099,2,2006-06-01
-89.8788,29.527,2,2011-06-01
-90.8762,29.2338,2,2016-06-01
-90.4801,29.4733,2,1996-06-01
-90.2008,29.5737,2,2001-06-01
-90.6124,29.2213,2,2006-06-01
-90.8984,29.5323,2,2011-06-01
-89.6943,29.3173,2,2016-06-01
-89.7667,29.417,2,1996-06-01
-90.8183,29.4412,2,2001-06-01
-90.2359,29.5775,2,2006-06-01
-90.2417,29.5653,2,2011-06-01
-90.4032,29.548,2,2016-06-01
-89.4592,29.2705,2,1996-06-01
-90.1787,29.6723,2,2001-06-01
-90.3441,29.124,2,2006-06-01
-90.2829,29.9081,2,2011-06-01
-90.2395,29.3163,2,2016-06-01
-90.3675,29.4526,2,1996-06-01
-89.8235,29.5236,2,2001-06-01
-90.1637,29.3255,2,2006-06-01
-90.4369,29.6476,2,2011-06-01
-90.4346,29.6396,2,2016-06-01
-90.8313,29.2119,2,1996-06-01
-90.6615,29.8035,2,2001-06-01
-90.3111,29.3363,2,2006-06-01
-91.0906,29.6002,2,2011-06-01
-90.8225,29.5124,2,2016-06-01
-90.7722,29.4303,2,1996-06-01
-90.3067,29.4009,2,2001-06-01
-90.9752,29.3963,2,2006-06-01
-90.3565,29.3143,2,2011-06-01
-89.6699,29.3943,2,2016-06-01
-90.2216,29.1552,2,1996-06-01
-90.8331,29.1075,2,2001-06-01
-90.3279,29.6696,2,2006-06-01
-91.0843,29.3606,2,2011-06-01
-89.9901,29.5145,2,2016-06-01
-90.9706,29.4419,2,1996-06-01
-90.5046,29.5011,2,2001-06-01
-90.6217,29.7504,2,2006-06-01
-89.9546,29.589,2,2011-06-01
-90.5582,29.3409,2,2016-06-01
-90.1754,29.5862,2,1996-06-01
-90.2738,29.4738,2,2001-06-01
-90.1656,29.2846,2,2006-06-01
-90.1171,29.7305,2,2011-06-01
-90.4705,29.8932,2,2016-06-01
-90.3639,29.6617,2,1996-06-01
-90.1442,29.7512,2,2001-06-01
-90.8818,29.5716,2,2006-06-01
-91.0784,29.2625,2,2011-06-01
-90.0948,29.7415,2,2016-06-01
-90.4074,29.3156,2,1996-06-01
-90.7764,29.1075,2,2001-06-01
-90.5665,29.3136,2,2006-06-01
-91.0437,29.2951,2,2011-06-01
-90.9931,29.2116,2,2016-06-01
-90.0562,29.7565,2,1996-06-01
-91.0211,29.3995,2,2001-06-01
-90.8897,29.4977,2,2006-06-01
-90.0462,29.6827,2,2011-06-01
-90.4348,29.6922,2,2016-06-01
-90.4677,29.3528,2,1996-06-01
-89.7703,29.5013,2,2001-06-01
-90.3033,29.5672,2,2006-06-01
-90.383,29.6638,2,2011-06-01
-90.2496,29.5685,2,2016-06-01
-89.8657,29.507,2,1996-06-01
-90.13,29.8117,2,2001-06-01
-90.9516,29.1877,2,2006-06-01
-90.3894,29.8172,2,2011-06-01
-90.774,29.4993,2,2016-06-01
-90.4138,29.7787,2,1996-06-01
-90.3909,29.7171,2,2001-06-01
-91.0541,29.3275,2,2006-06-01
-90.698,29.2442,2,2011-06-01
-90.1408,29.4211,2,2016-06-01
-90.5341,29.8484,2,1996-06-01
-90.9431,29.6032,2,2001-06-01
-90.6455,29.4692,2,2006-06-01
-90.5503,29.3256,2,2011-06-01
-91.1629,29.562,2,2016-06-01
-90.3532,29.7858,2,1996-06-01
-89.3917,29.2279,2,2001-06-01
-90.6656,29.2971,2,2006-06-01
-90.392,29.7282,2,2011-06-01
-90.1781,29.2652,2,2016-06-01
-89.9135,29.548,2,1996-06-01
-89.9192,29.4911,2,2001-06-01
-90.8236,29.4103,2,2006-06-01
-90.956,29.4667,2,2011-06-01
-91.059,29.1881,2,2016-06-01
-90.8432,29.2396,2,1996-06-01
-91.0616,29.4824,2,2001-06-01
-90.3956,29.84,2,2006-06-01
-90.8426,29.1094,2,2011-06-01
-91.0522,29.4801,2,2016-06-01
-90.3785,29.7755,2,1996-06-01
-90.2126,29.4618,2,2001-06-01
-90.6143,29.9564,2,2006-06-01
-90.3339,29.6642,2,2011-06-01
-90.2801,29.278,2,2016-06-01
-91.2544,29.5129,2,1996-06-01
-90.5647,29.6728,2,2001-06-01
-90.6918,29.4584,2,2006-06-01
-89.6555,29.4296,2,2011-06-01
-89.9411,29.5232,2,2016-06-01
-90.9984,29.5914,2,1996-06-01
-90.1519,29.8313,2,2001-06-01
-90.1427,29.4556,2,2006-06-01
-91.0811,29.4049,2,2011-06-01
-90.4812,29.9094,2,2016-06-01
-90.3933,29.3927,2,1996-06-01
-89.8841,29.53,2,2001-06-01
-90.0757,29.197,2,2006-06-01
-89.4232,29.3264,2,2011-06-01
-90.4596,29.7853,2,2016-06-01
-90.1304,29.3096,2,1996-06-01
-90.7899,29.2319,2,2001-06-01
-91.0249,29.6251,2,2006-06-01
-90.2086,29.8614,2,2011-06-01
-90.6133,29.4499,2,2016-06-01
-91.1114,29.8054,3,1996-06-01
-90.5566,29.8341,3,2001-06-01
-90.8229,29.4469,3,2006-06-01
-90.9955,29.4647,3,2011-06-01
-90.1207,29.754,3,2016-06-01
-90.5,29.9402,3,1996-06-01
-90.9042,29.7006,3,2001-06-01
-90.6369,29.9429,3,2006-06-01
-90.5775,29.7942,3,2011-06-01
-91.1131,29.8821,3,2016-06-01
-90.9133,29.6988,3,1996-06-01
-90.7818,29.469,3,2001-06-01
-90.9257,29.7352,3,2006-06-01
-90.3788,29.6479,3,2011-06-01
-90.7282,29.5231,3,2016-06-01
-90.4964,29.7568,3,1996-06-01
-91.0357,29.4915,3,2001-06-01
-90.2876,29.4935,3,2006-06-01
-91.1088,29.8854,3,2011-06-01
-90.4935,29.6825,3,2016-06-01
-90.5685,29.6057,3,1996-06-01
-90.5054,29.447,3,2001-06-01
-90.4676,29.5592,3,2006-06-01
-91.2218,29.508,3,2011-06-01
-90.7918,29.4679,3,2016-06-01
-90.4759,29.7097,3,1996-06-01
-90.4197,29.7868,3,2001-06-01
-91.0948,29.7288,3,2006-06-01
-90.3762,29.6366,3,2011-06-01
-90.4432,29.6184,3,2016-06-01
-90.8346,29.966,3,1996-06-01
-91.0448,29.6507,3,2001-06-01
-90.6432,29.5338,3,2006-06-01
-90.4862,29.8728,3,2011-06-01
-90.1769,29.8922,3,2016-06-01
-90.4566,29.8908,3,1996-06-01
-91.0391,29.5534,3,2001-06-01
-91.0833,29.5091,3,2006-06-01
-90.2466,29.9279,3,2011-06-01
-90.9291,29.6196,3,2016-06-01
-90.383,29.6494,3,1996-06-01
-90.4325,29.8419,3,2001-06-01
-90.2651,29.4193,3,2006-06-01
-90.4638,29.8489,3,2011-06-01
-90.4448,29.8954,3,2016-06-01
-90.9437,29.7867,3,1996-06-01
-91.0545,29.4886,3,2001-06-01
-90.3979,29.6873,3,2006-06-01
-90.5269,29.7741,3,2011-06-01
-90.7112,29.6298,3,2016-06-01
-90.6169,29.8295,3,1996-06-01
-91.0589,29.8304,3,2001-06-01
-90.6218,29.6057,3,2006-06-01
-90.6962,29.5345,3,2011-06-01
-91.188,29.5845,3,2016-06-01
-90.9236,29.7798,3,1996-06-01
-90.5298,29.9138,3,2001-06-01
-90.3781,29.6714,3,2006-06-01
-90.1112,29.6565,3,2011-06-01
-90.4886,29.6722,3,2016-06-01
-90.644,29.8628,3,1996-06-01
-90.2487,29.8988,3,2001-06-01
-91.1685,29.4563,3,2006-06-01
-90.0503,29.7692,3,2011-06-01
-90.5267,29.8288,3,2016-06-01
-90.1294,29.8509,3,1996-06-01
-90.8572,29.7469,3,2001-06-01
-90.6754,29.714,3,2006-06-01
-90.2809,29.9327,3,2011-06-01
-90.3725,29.8965,3,2016-06-01
-90.359,29.588,3,1996-06-01
-90.4107,29.9481,3,2001-06-01
-91.1225,29.5643,3,2006-06-01
-90.8482,29.6475,3,2011-06-01
-90.6016,29.8691,3,2016-06-01
-90.5896,29.8292,3,1996-06-01
-90.5647,29.4364,3,2001-06-01
-91.0883,29.5191,3,2006-06-01
-90.3715,29.8965,3,2011-06-01
-90.8495,29.656,3,2016-06-01
-90.5241,29.5908,3,1996-06-01
-90.4659,29.9568,3,2001-06-01
-90.7938,29.4907,3,2006-06-01
-91.0923,29.6604,3,2011-06-01
-90.6483,29.9364,3,2016-06-01
-90.4005,29.8143,3,1996-06-01
-90.7356,29.5486,3,2001-06-01
-91.1105,29.8108,3,2006-06-01
-90.9146,29.5358,3,2011-06-01
-90.5351,29.9752,3,2016-06-01
-90.6299,29.893,3,1996-06-01
-91.0034,29.8996,3,2001-06-01
-90.1351,29.8496,3,2006-06-01
-91.0755,29.7285,3,2011-06-01
-90.6494,29.8132,3,2016-06-01
-90.9919,29.5347,3,1996-06-01
-90.6611,29.5168,3,2001-06-01
-90.3439,29.5769,3,2006-06-01
-91.2252,29.5198,3,2011-06-01
-91.1982,29.8734,3,2016-06-01
-90.8047,29.6476,3,1996-06-01
-91.1709,29.548,3,2001-06-01
-90.8401,29.5978,3,2006-06-01
-90.8008,29.745,3,2011-06-01
-91.2079,29.9859,3,2016-06-01
-91.1509,29.4813,3,1996-06-01
-90.6994,29.9251,3,2001-06-01
-90.9318,29.895,3,2006-06-01
-90.8859,29.6298,3,2011-06-01
-90.2196,29.8742,3,2016-06-01
-91.2309,29.981,3,1996-06-01
-90.7463,29.7329,3,2001-06-01
-90.8613,29.6723,3,2006-06-01
-90.7175,29.6524,3,2011-06-01
-90.033,29.8194,3,2016-06-01
-91.126,29.9276,3,1996-06-01
-90.703,29.7977,3,2001-06-01
-91.075,29.8471,3,2006-06-01
-90.4534,29.9383,3,2011-06-01
-90.631,29.9234,3,2016-06-01
-91.1623,30.014,3,1996-06-01
-90.8485,29.9265,3,2001-06-01
-90.7369,29.8706,3,2006-06-01
-91.1236,30.0144,3,2011-06-01
-91.0697,29.6172,3,2016-06-01
-91.0649,30.1625,3,1996-06-01
-90.5763,29.5476,3,2001-06-01
-90.3008,29.5131,3,2006-06-01
-91.0334,29.7726,3,2011-06-01
-90.8461,29.7515,3,2016-06-01
-90.8633,29.7146,3,1996-06-01
-90.6015,29.8371,3,2001-06-01
-90.6735,29.9122,3,2006-06-01
-91.1427,29.8063,3,2011-06-01
-90.5583,30.0113,3,2016-06-01
-90.7949,29.9581,3,1996-06-01
-90.301,29.4833,3,2001-06-01
-90.4896,29.9708,3,2006-06-01
-90.1545,29.8864,3,2011-06-01
-91.181,29.5709,3,2016-06-01
-90.573,29.8777,3,1996-06-01
-90.8375,29.7297,3,2001-06-01
-90.6616,29.9999,3,2006-06-01
-91.2575,29.9794,3,2011-06-01
-90.3952,29.6669,3,2016-06-01
-90.5014,29.733,3,1996-06-01
-91.0983,29.7637,3,2001-06-01
-91.0401,29.6928,3,2006-06-01
-91.0936,29.917,3,2011-06-01
-90.5957,30.0105,3,2016-06-01
-90.1186,29.7528,3,1996-06-01
-89.9595,29.9002,3,2001-06-01
-90.7351,29.6692,3,2006-06-01
-90.9416,29.948,3,2011-06-01
-91.0117,30.1591,3,2016-06-01
-91.0824,29.8493,3,1996-06-01
-91.0192,29.788,3,2001-06-01
-90.7044,29.4211,3,2006-06-01
-91.2382,29.925,3,2011-06-01
-90.4252,29.8854,3,2016-06-01
-90.8649,29.8946,3,1996-06-01
-90.5985,29.8159,3,2001-06-01
-90.7321,29.5113,3,2006-06-01
-91.2193,29.9878,3,2011-06-01
-90.6059,29.8596,3,2016-06-01
-91.1208,30.0841,3,1996-06-01
-90.5407,29.7873,3,2001-06-01
-90.9397,29.7155,3,2006-06-01
-91.0657,29.6598,3,2011-06-01
-90.9936,29.9585,3,2016-06-01
-91.2314,29.9567,3,1996-06-01
-90.4217,29.9427,3,2001-06-01
-91.0812,29.7325,3,2006-06-01
-90.6682,30.0184,3,2011-06-01
-91.1487,29.8434,3,2016-06-01
-91.0817,29.9018,3,1996-06-01
-90.0834,29.801,3,2001-06-01
-91.121,29.8586,3,2006-06-01
-90.7933,29.9144,3,2011-06-01
-91.0554,29.8633,3,2016-06-01
-90.642,29.8749,3,1996-06-01
-90.6379,29.5398,3,2001-06-01
-89.9481,29.8939,3,2006-06-01
-90.6929,29.8281,3,2011-06-01
-90.8171,29.8568,3,2016-06-01
-90.8652,29.9493,3,1996-06-01
-91.0712,29.7237,3,2001-06-01
-91.086,29.7509,3,2006-06-01
-91.0775,29.6327,3,2011-06-01
-90.1496,29.855,3,2016-06-01
-91.1113,29.6117,3,1996-06-01
-91.0936,30.0266,3,2001-06-01
-90.5457,29.9465,3,2006-06-01
-90.5251,29.9761,3,2011-06-01
-91.0565,30.1562,3,2016-06-01
-90.818,29.9116,3,1996-06-01
-90.9406,30.005,3,2001-06-01
-91.1235,29.8263,3,2006-06-01
-90.6399,29.8401,3,2011-06-01
-90.7137,29.9315,3,2016-06-01
-91.0183,29.9255,5,1996-06-01
-90.7416,29.7129,5,2001-06-01
-90.8734,29.7815,5,2006-06-01
-90.2748,29.4448,5,2011-06-01
-90.5623,30.0213,5,2016-06-01
-90.5852,29.5022,5,1996-06-01
-90.9986,29.8561,5,2001-06-01
-91.1231,30.1716,5,2006-06-01
-90.7396,29.9739,5,2011-06-01
-90.9978,30.0851,5,2016-06-01
-90.5809,29.7053,5,1996-06-01
-90.9024,29.7809,5,2001-06-01
-90.5665,30.0336,5,2006-06-01
-90.4548,29.8534,5,2011-06-01
-90.994,29.932,5,2016-06-01
-90.7675,29.9869,5,1996-06-01
-90.3155,29.5473,5,2001-06-01
-91.0545,30.024,5,2006-06-01
-91.0766,29.8929,5,2011-06-01
-90.5182,30.0321,5,2016-06-01
-91.0795,29.8969,5,1996-06-01
-90.854,29.9842,5,2001-06-01
-90.92,30.0918,5,2006-06-01
-90.6283,29.687,5,2011-06-01
-90.8462,29.774,5,2016-06-01
-89.7041,29.4384,5,1996-06-01
-91.0395,29.8785,5,2001-06-01
-90.7272,29.7631,5,2006-06-01
-90.6514,30.0373,5,2011-06-01
-90.7691,29.4299,5,2016-06-01
-90.7093,29.7528,5,1996-06-01
-90.9847,29.8952,5,2001-06-01
-90.7385,29.5217,5,2006-06-01
-91.0369,30.1453,5,2011-06-01
-90.6505,29.6897,5,2016-06-01
-90.7576,29.7204,5,1996-06-01
-89.9773,29.6434,5,2001-06-01
-90.6377,29.6536,5,2006-06-01
-91.0891,30.2007,5,2011-06-01
-90.7919,29.8028,5,2016-06-01
-90.6745,29.5736,5,1996-06-01
-90.2878,29.5358,5,2001-06-01
-91.0889,30.1939,5,2006-06-01
-90.4987,29.6469,5,2011-06-01
-90.5677,29.4609,5,2016-06-01
-91.0903,30.092,5,1996-06-01
-90.3638,29.5763,5,2001-06-01
-90.8646,29.9836,5,2006-06-01
-91.0828,30.1872,5,2011-06-01
-90.5239,29.6268,5,2016-06-01
-90.8241,29.819,5,1996-06-01
-90.236,29.3972,5,2001-06-01
-90.4285,29.8458,5,2006-06-01
-90.6199,29.6021,5,2011-06-01
-90.7724,29.7623,5,2016-06-01
-90.7184,29.9796,5,1996-06-01
-90.9349,30.1287,5,2001-06-01
-90.9612,30.0247,5,2006-06-01
-90.8252,29.7172,5,2011-06-01
-90.5267,30.0271,5,2016-06-01
-90.5262,29.6071,5,1996-06-01
-90.918,30.0576,5,2001-06-01
-91.0487,29.9231,5,2006-06-01
-90.6579,29.7194,5,2011-06-01
-90.6805,29.9962,5,2016-06-01
-91.0633,29.9554,5,1996-06-01
-90.4935,29.7017,5,2001-06-01
-90.6755,29.7067,5,2006-06-01
-90.9303,30.112,5,2011-06-01
-90.717,29.7293,5,2016-06-01
-90.8001,29.7217,5,1996-06-01
-90.3223,29.9243,5,2001-06-01
-90.6197,29.6763,5,2006-06-01
-90.2646,29.4274,5,2011-06-01
-91.0422,30.1548,5,2016-06-01
-90.894,29.6846,5,1996-06-01
-91.1472,30.1438,5,2001-06-01
-90.6124,30.0273,5,2006-06-01
-90.4969,29.665,5,2011-06-01
-90.2532,29.9629,5,2016-06-01
-90.5897,29.5174,5,1996-06-01
-91.0108,29.9365,5,2001-06-01
-90.2541,29.4003,5,2006-06-01
-90.9581,29.7903,5,2011-06-01
-91.0524,29.9232,5,2016-06-01
-90.8782,29.8007,5,1996-06-01
-90.3308,29.4824,5,2001-06-01
-91.131,30.1219,5,2006-06-01
-90.89,29.6799,5,2011-06-01
-91.053,30.1623,5,2016-06-01
-89.9855,29.6461,5,1996-06-01
-90.7648,29.759,5,2001-06-01
-90.2956,29.4757,5,2006-06-01
-90.5446,29.7138,5,2011-06-01
-90.596,29.4743,5,2016-06-01
-90.8042,29.8093,5,1996-06-01
-91.0624,30.1459,5,2001-06-01
-90.8309,29.8147,5,2006-06-01
-91.1565,30.0974,5,2011-06-01
-91.0461,29.956,5,2016-06-01
-91.0691,30.1389,5,1996-06-01
-90.7212,29.9608,5,2001-06-01
-90.6131,29.6928,5,2006-06-01
-91.1284,30.1657,5,2011-06-01
-90.6493,29.5745,5,2016-06-01
-90.4922,29.5997,5,1996-06-01
-90.5262,29.6202,5,2001-06-01
-90.6405,29.5765,5,2006-06-01
-90.5469,29.7076,5,2011-06-01
-90.3099,29.9274,5,2016-06-01
-91.0061,30.0865,5,1996-06-01
-90.8241,29.6551,5,2001-06-01
-90.7608,29.9652,5,2006-06-01
-90.9712,29.9171,5,2011-06-01
-90.8887,29.776,5,2016-06-01
-91.0159,29.8775,5,1996-06-01
-91.0012,29.9881,5,2001-06-01
-90.0542,29.8003,5,2006-06-01
-90.3441,29.5246,5,2011-06-01
-90.9792,30.1024,5,2016-06-01
-90.6029,29.6676,5,1996-06-01
-90.4431,29.814,5,2001-06-01
-90.6649,29.9389,5,2006-06-01
-90.9371,29.8335,5,2011-06-01
-90.9175,29.631,5,2016-06-01
-90.5778,29.4441,5,1996-06-01
-90.5978,29.6928,5,2001-06-01
-90.7261,29.9713,5,2006-06-01
-89.819,29.563,5,2011-06-01
-90.4589,29.6807,5,2016-06-01
-91.0012,29.8635,5,1996-06-01
-90.4351,29.7982,5,2001-06-01
-90.7499,30.0042,5,2006-06-01
-90.8374,29.6614,5,2011-06-01
-90.6984,29.714,5,2016-06-01
-90.6364,29.5918,5,1996-06-01
-90.2433,29.4041,5,2001-06-01
-90.2897,29.544,5,2006-06-01
-90.4702,29.6878,5,2011-06-01
-90.7774,29.7514,5,2016-06-01
-90.9762,29.8597,5,1996-06-01
-90.3751,29.9132,5,2001-06-01
-90.7094,30.0122,5,2006-06-01
-90.6498,29.5477,5,2011-06-01
-91.0491,30.1805,5,2016-06-01
-90.9219,29.8376,5,1996-06-01
-90.5937,29.6896,5,2001-06-01
-90.5257,29.6421,5,2006-06-01
-90.9369,29.8619,5,2011-06-01
-91.0924,30.0109,5,2016-06-01
-91.0518,29.9024,5,1996-06-01
-90.7226,29.7672,5,2001-06-01
-89.6727,29.4599,5,2006-06-01
-90.8819,29.8463,5,2011-06-01
-90.7983,29.8337,5,2016-06-01
-91.0488,30.062,5,1996-06-01
-91.0393,29.9134,5,2001-06-01
-90.6627,30.0216,5,2006-06-01
-90.9643,29.8261,5,2011-06-01
-90.8629,29.8503,5,2016-06-01
-90.3348,29.5019,5,1996-06-01
-91.0602,29.9174,5,2001-06-01
-90.5361,29.6678,5,2006-06-01
-91.0776,30.1377,5,2011-06-01
-90.7385,29.8988,5,2016-06-01
-90.8485,29.7619,5,1996-06-01
-90.7444,29.9825,5,2001-06-01
-91.0042,30.081,5,2006-06-01
-90.7751,29.994,5,2011-06-01
-90.0625,29.8023,5,2016-06-01
-90.2485,29.4052,5,1996-06-01
-90.5722,29.7287,5,2001-06-01
-91.1211,30.1358,5,2006-06-01
-90.7156,29.7173,5,2011-06-01
-91.0014,29.8253,5,2016-06-01
-91.0408,30.1428,5,1996-06-01
-90.6711,29.5726,5,2001-06-01
-90.6284,29.6813,5,2006-06-01
-91.1104,30.1107,5,2011-06-01
-90.5875,30.0369,5,2016-06-01
-90.6168,29.5973,5,1996-06-01
-90.9564,29.8639,5,2001-06-01
-90.7823,29.7568,5,2006-06-01
-91.2482,29.9306,5,2011-06-01
-90.9394,29.8677,5,2016-06-01
-91.039,29.9963,5,1996-06-01
-89.6199,29.4484,5,2001-06-01
-91.0722,30.2013,5,2006-06-01
-90.581,29.7459,5,2011-06-01
-90.6971,29.9613,5,2016-06-01
-90.7575,29.767,5,1996-06-01
-91.0908,30.0062,5,2001-06-01
-90.5043,30.0397,5,2006-06-01
-89.9793,29.6541,5,2011-06-01
-90.9323,30.0539,5,2016-06-01
-90.8477,29.7908,5,1996-06-01
-90.9997,30.0424,5,2001-06-01
-90.6367,29.5774,5,2006-06-01
-90.9273,29.8858,5,2011-06-01
-91.1831,29.6044,5,2016-06-01
-90.6736,29.5971,6,1996-06-01
-90.0105,29.8288,6,2001-06-01
-90.3967,29.5761,6,2006-06-01
-90.0314,29.9443,6,2011-06-01
-90.1326,29.8793,6,2016-06-01
-90.0718,29.8728,6,1996-06-01
-89.3891,29.2299,6,2001-06-01
-90.7439,29.6043,6,2006-06-01
-91.1203,29.6644,6,2011-06-01
-90.8,29.7926,6,2016-06-01
-90.7406,29.6061,6,1996-06-01
-90.1067,29.9028,6,2001-06-01
-90.2078,29.2465,6,2006-06-01
-91.1532,29.6865,6,2011-06-01
-90.0299,29.7667,6,2016-06-01
-89.9821,29.8632,6,1996-06-01
-90.1031,29.8739,6,2001-06-01
-90.0731,29.885,6,2006-06-01
-90.0942,29.9035,6,2011-06-01
-90.7851,29.4177,6,2016-06-01
-89.5203,29.3437,6,1996-06-01
-90.2721,29.9604,6,2001-06-01
-91.1306,29.6689,6,2006-06-01
-90.7425,29.6249,6,2011-06-01
-89.9758,29.6854,6,2016-06-01
-90.4418,29.986,6,1996-06-01
-90.6912,29.5495,6,2001-06-01
-90.4607,29.9875,6,2006-06-01
-90.5546,29.482,6,2011-06-01
-90.3366,29.5297,6,2016-06-01
-90.5992,29.7287,6,1996-06-01
-90.0208,29.9103,6,2001-06-01
-91.195,29.6992,6,2006-06-01
-90.0355,29.8751,6,2011-06-01
-90.9648,29.8586,6,2016-06-01
-90.1854,29.1641,6,1996-06-01
-90.0637,29.9067,6,2001-06-01
-90.086,29.8917,6,2006-06-01
-90.9169,30.0851,6,2011-06-01
-90.0406,29.903,6,2016-06-01
-90.3487,29.9248,6,1996-06-01
-90.0188,29.8907,6,2001-06-01
-90.7661,29.817,6,2006-06-01
-90.2034,29.9175,6,2011-06-01
-90.2678,29.4488,6,2016-06-01
-90.1116,29.8993,6,1996-06-01
-90.057,29.8394,6,2001-06-01
-90.7427,29.5986,6,2006-06-01
-90.0248,29.8808,6,2011-06-01
-90.7282,29.5721,6,2016-06-01
-90.1949,29.122,6,1996-06-01
-90.0061,29.851,6,2001-06-01
-90.7337,29.6084,6,2006-06-01
-90.0457,29.7974,6,2011-06-01
-90.0797,29.8705,6,2016-06-01
-90.9596,30.0963,6,1996-06-01
-90.2024,29.129,6,2001-06-01
-90.4112,29.8259,6,2006-06-01
-90.0094,29.8133,6,2011-06-01
-90.0681,29.9148,6,2016-06-01
-91.0948,29.6711,6,1996-06-01
-90.7126,29.5838,6,2001-06-01
-91.1376,30.168,6,2006-06-01
-90.7558,29.6122,6,2011-06-01
-90.6654,29.5702,6,2016-06-01
-90.043,29.8441,6,1996-06-01
-90.4569,29.9794,6,2001-06-01
-90.2488,29.9502,6,2006-06-01
-90.0596,29.8466,6,2011-06-01
-91.0197,29.3303,6,2016-06-01
-90.796,29.8062,6,1996-06-01
-89.9638,29.9097,6,2001-06-01
-90.544,29.6799,6,2006-06-01
-90.1247,29.7374,6,2011-06-01
-90.0638,29.8975,6,2016-06-01
-90.7116,29.6044,6,1996-06-01
-90.0365,29.8605,6,2001-06-01
-90.7091,29.6094,6,2006-06-01
-90.0737,29.8767,6,2011-06-01
-90.7455,29.5833,6,2016-06-01
-90.8015,29.7889,6,1996-06-01
-91.1274,29.6653,6,2001-06-01
-90.0321,29.8787,6,2006-06-01
-91.2503,29.2818,6,2011-06-01
-90.2083,29.9142,6,2016-06-01
-90.1849,29.9192,6,1996-06-01
-90.4014,29.9286,6,2001-06-01
-90.8203,29.7811,6,2006-06-01
-91.0959,29.6893,6,2011-06-01
-90.2122,29.1428,6,2016-06-01
-90.293,29.4156,6,1996-06-01
-90.0384,29.9289,6,2001-06-01
-90.1362,29.9041,6,2006-06-01
-90.8108,29.8091,6,2011-06-01
-91.1924,29.6963,6,2016-06-01
-90.0608,29.8556,6,1996-06-01
-90.4466,29.9846,6,2001-06-01
-90.093,29.8891,6,2006-06-01
-90.024,29.8311,6,2011-06-01
-90.353,29.9264,6,2016-06-01
-90.9157,30.0856,6,1996-06-01
-90.082,29.8693,6,2001-06-01
-90.1281,29.8945,6,2006-06-01
-90.5459,29.642,6,2011-06-01
-90.3442,29.9138,6,2016-06-01
-90.9596,30.0966,6,1996-06-01
-90.8274,29.7966,6,2001-06-01
-90.0397,29.9068,6,2006-06-01
-90.0959,29.8657,6,2011-06-01
-91.1638,29.6907,6,2016-06-01
-90.7584,29.6243,6,1996-06-01
-89.9743,29.6807,6,2001-06-01
-90.7581,29.5993,6,2006-06-01
-90.0343,29.9046,6,2011-06-01
-89.7888,29.5395,6,2016-06-01
-90.1215,29.8909,6,1996-06-01
-90.8451,30.026,6,2001-06-01
-90.7667,29.596,6,2006-06-01
-90.0111,29.9188,6,2011-06-01
-90.0111,29.8112,6,2016-06-01
-90.2173,29.2166,6,1996-06-01
-90.8016,29.7911,6,2001-06-01
-90.0665,29.8673,6,2006-06-01
-90.0511,29.948,6,2011-06-01
-90.4519,29.9838,6,2016-06-01
-90.0823,29.8652,6,1996-06-01
-90.3462,29.912,6,2001-06-01
-90.3769,29.561,6,2006-06-01
-90.384,29.938,6,2011-06-01
-90.3464,29.9128,6,2016-06-01
-90.0284,29.827,6,1996-06-01
-90.1907,29.1286,6,2001-06-01
-90.028,29.8842,6,2006-06-01
-91.0146,29.2183,6,2011-06-01
-90.7205,29.9814,6,2016-06-01
-90.9318,29.7319,6,1996-06-01
-90.9918,29.6903,6,2001-06-01
-90.9528,29.637,6,2006-06-01
-90.0235,29.813,6,2011-06-01
-90.7397,29.6109,6,2016-06-01
-90.8161,29.7089,6,1996-06-01
-91.0955,29.6584,6,2001-06-01
-90.4451,29.978,6,2006-06-01
-91.0983,29.6437,6,2011-06-01
-90.6629,29.5996,6,2016-06-01
-90.0424,29.8487,6,1996-06-01
-90.0762,29.1943,6,2001-06-01
-90.0616,29.9101,6,2006-06-01
-90.0987,29.8753,6,2011-06-01
-90.7172,30.0026,6,2016-06-01
-90.6624,29.246,6,1996-06-01
-90.5853,29.5087,6,2001-06-01
-90.7589,29.6113,6,2006-06-01
-90.3474,29.9118,6,2011-06-01
-90.042,29.9229,6,2016-06-01
-90.0959,29.8743,6,1996-06-01
-91.1542,29.6903,6,2001-06-01
-90.2418,29.9434,6,2006-06-01
-90.1252,29.7337,6,2011-06-01
-90.689,29.5496,6,2016-06-01
-91.0843,29.6696,6,1996-06-01
-90.0425,29.9151,6,2001-06-01
-90.5874,29.473,6,2006-06-01
-90.7249,29.5663,6,2011-06-01
-90.0172,29.8614,6,2016-06-01
-90.8659,29.8174,6,1996-06-01
-91.1019,29.6658,6,2001-06-01
-90.3356,29.5261,6,2006-06-01
-90.0189,29.9363,6,2011-06-01
-90.0302,29.8919,6,2016-06-01
-90.4437,29.985,6,1996-06-01
-90.0538,29.2091,6,2001-06-01
-90.2056,29.1403,6,2006-06-01
-90.6902,29.5749,6,2011-06-01
-90.3809,29.5713,6,2016-06-01
-90.6737,29.5849,6,1996-06-01
-91.0967,29.2036,6,2001-06-01
-90.1172,29.8996,6,2006-06-01
-90.0488,29.2148,6,2011-06-01
-91.0024,30.0864,6,2016-06-01
-91.2135,29.7119,6,1996-06-01
-90.0784,29.862,6,2001-06-01
-90.0816,29.8619,6,2006-06-01
-90.6726,29.5827,6,2011-06-01
-89.9921,29.8595,6,2016-06-01
-90.7061,29.6079,6,1996-06-01
-90.0805,29.8852,6,2001-06-01
-91.1265,29.6598,6,2006-06-01
-90.1939,29.9205,6,2011-06-01
-91.1033,29.6531,6,2016-06-01
-89.9914,29.2387,6,1996-06-01
-91.0222,29.9804,6,2001-06-01
-90.1056,29.8394,6,2006-06-01
-90.674,29.5657,6,2011-06-01
-90.1056,29.8692,6,2016-06-01
-89.9652,29.6726,6,1996-06-01
-90.6476,29.3076,6,2001-06-01
-90.4469,29.8595,6,2006-06-01
-90.2474,29.3487,6,2011-06-01
-91.2124,29.9615,6,2016-06-01
-90.6025,29.702,5,1996-06-01
-91.0843,30.1767,5,1996-06-01
-90.8049,29.814,5,1996-06-01
-90.7663,29.6569,5,1996-06-01
-90.9322,30.0915,5,1996-06-01
-90.9323,30.0739,5,1996-06-01
-90.7253,29.5782,5,1996-06-01
-90.6949,29.5396,5,1996-06-01
-90.7513,29.5947,5,1996-06-01
-90.7548,29.5932,5,1996-06-01
-90.8628,29.9922,5,1996-06-01
-90.671,29.5786,5,1996-06-01
-90.6045,29.7428,5,1996-06-01
-90.7764,29.694,5,1996-06-01
-90.5002,29.6291,5,1996-06-01
-90.8744,29.7967,5,1996-06-01
-90.9451,30.0935,5,1996-06-01
-90.8538,30.0018,5,1996-06-01
-90.95,30.0951,5,1996-06-01
-90.1502,29.9298,5,1996-06-01
-90.757,29.6852,5,1996-06-01
-90.4733,29.9851,5,1996-06-01
-90.697,29.5416,5,1996-06-01
-90.3575,29.5459,5,1996-06-01
-89.996,29.8786,5,1996-06-01
-90.8167,29.8476,5,1996-06-01
-90.8545,30.0262,5,1996-06-01
-90.6014,29.5857,5,1996-06-01
-90.763,29.6058,5,1996-06-01
-90.726,29.5823,5,1996-06-01
-90.6025,29.702,6,2016-06-01
-91.0843,30.1767,6,2016-06-01
-90.8049,29.814,6,2016-06-01
-90.7663,29.6569,6,2016-06-01
-90.9322,30.0915,6,2016-06-01
-90.9323,30.0739,6,2016-06-01
-90.7253,29.5782,6,2016-06-01
-90.6949,29.5396,6,2016-06-01
-90.7513,29.5947,6,2016-06-01
-90.7548,29.5932,6,2016-06-01
-90.8628,29.9922,6,2016-06-01
-90.671,29.5786,6,2016-06-01
-90.6045,29.7428,6,2016-06-01
-90.7764,29.694,6,2016-06-01
-90.5002,29.6291,6,2016-06-01
-90.8744,29.7967,6,2016-06-01
-90.9451,30.0935,6,2016-06-01
-90.8538,30.0018,6,2016-06-01
-90.95,30.0951,6,2016-06-01
-90.1502,29.9298,6,2016-06-01
-90.757,29.6852,6,2016-06-01
-90.4733,29.9851,6,2016-06-01
-90.697,29.5416,6,2016-06-01
-90.3575,29.5459,6,2016-06-01
-89.996,29.8786,6,2016-06-01
-90.8167,29.8476,6,2016-06-01
-90.8545,30.0262,6,2016-06-01
-90.6014,29.5857,6,2016-06-01
-90.763,29.6058,6,2016-06-01
-90.726,29.5823,6,2016-06-01
-90.2643,29.4366,5,1996-06-01
-90.7498,29.609,5,1996-06-01
-90.9508,30.0881,5,1996-06-01
-90.7007,29.5423,5,1996-06-01
-90.7019,29.5473,5,1996-06-01
-90.8037,29.7782,5,1996-06-01
-90.8519,30.0025,5,1996-06-01
-90.6998,29.5409,5,1996-06-01
-90.8486,30.0302,5,1996-06-01
-90.9831,30.0952,5,1996-06-01
-90.8482,30.0023,5,1996-06-01
-90.8629,29.9914,5,1996-06-01
-90.8491,30.0018,5,1996-06-01
-90.9469,30.0901,5,1996-06-01
-90.8497,30.0021,5,1996-06-01
-90.8529,30.0012,5,1996-06-01
-90.7469,29.6107,5,1996-06-01
-90.268,29.4452,5,1996-06-01
-90.7668,29.6041,5,1996-06-01
-90.8031,29.7784,5,1996-06-01
-90.7916,29.7128,5,1996-06-01
-90.7659,29.6035,5,1996-06-01
-90.7655,29.5902,5,1996-06-01
-90.8558,30.0252,5,1996-06-01
-90.9482,30.0896,5,1996-06-01
-90.6039,29.7435,5,1996-06-01
-90.2636,29.4369,5,1996-06-01
-90.6015,29.7423,5,1996-06-01
-90.8545,30.0208,5,1996-06-01
-90.3839,29.9342,5,1996-06-01
-90.2643,29.4366,2,2016-06-01
-90.7498,29.609,2,2016-06-01
-90.9508,30.0881,2,2016-06-01
-90.7007,29.5423,2,2016-06-01
-90.7019,29.5473,2,2016-06-01
-90.8037,29.7782,2,2016-06-01
-90.8519,30.0025,2,2016-06-01
-90.6998,29.5409,2,2016-06-01
-90.8486,30.0302,2,2016-06-01
-90.9831,30.0952,2,2016-06-01
-90.8482,30.0023,2,2016-06-01
-90.8629,29.9914,2,2016-06-01
-90.8491,30.0018,2,2016-06-01
-90.9469,30.0901,2,2016-06-01
-90.8497,30.0021,2,2016-06-01
-90.8529,30.0012,2,2016-06-01
-90.7469,29.6107,2,2016-06-01
-90.268,29.4452,2,2016-06-01
-90.7668,29.6041,2,2016-06-01
-90.8031,29.7784,2,2016-06-01
-90.7916,29.7128,2,2016-06-01
-90.7659,29.6035,2,2016-06-01
-90.7655,29.5902,2,2016-06-01
-90.8558,30.0252,2,2016-06-01
-90.9482,30.0896,2,2016-06-01
-90.6039,29.7435,2,2016-06-01
-90.2636,29.4369,2,2016-06-01
-90.6015,29.7423,2,2016-06-01
-90.8545,30.0208,2,2016-06-01
-90.3839,29.9342,2,2016-06-01
-90.9489,30.0885,5,1996-06-01
-90.6462,29.5597,5,1996-06-01
-90.9513,30.0854,5,1996-06-01
-90.6047,29.7455,5,1996-06-01
-90.8562,29.7842,5,1996-06-01
-90.5822,29.5281,5,1996-06-01
-90.8632,29.8162,5,1996-06-01
-90.6848,29.5581,5,1996-06-01
-90.8598,29.995,5,1996-06-01
-90.8527,29.7897,5,1996-06-01
-90.9483,30.088,5,1996-06-01
-90.8368,29.8052,5,1996-06-01
-90.8485,30.0026,5,1996-06-01
-90.7608,29.6897,5,1996-06-01
-90.264,29.4448,5,1996-06-01
-90.9489,30.0885,3,2016-06-01
-90.6462,29.5597,3,2016-06-01
-90.9513,30.0854,3,2016-06-01
-90.6047,29.7455,3,2016-06-01
-90.8562,29.7842,3,2016-06-01
-90.5822,29.5281,3,2016-06-01
-90.8632,29.8162,3,2016-06-01
-90.6848,29.5581,3,2016-06-01
-90.8598,29.995,3,2016-06-01
-90.8527,29.7897,3,2016-06-01
-90.9483,30.088,3,2016-06-01
-90.8368,29.8052,3,2016-06-01
-90.8485,30.0026,3,2016-06-01
-90.7608,29.6897,3,2016-06-01
-90.264,29.4448,3,2016-06-01
-90.5329,29.6893,5,1996-06-01
-90.5312,29.6808,5,1996-06-01
-91.0446,30.1565,5,1996-06-01
-90.3923,29.9214,5,1996-06-01
-90.7651,29.6907,5,1996-06-01
-90.8516,29.7929,5,1996-06-01
-91.0184,29.9907,5,1996-06-01
-90.5357,29.6892,5,1996-06-01
-90.6702,29.5669,5,1996-06-01
-90.6021,29.7418,5,1996-06-01
-90.6868,29.5503,5,1996-06-01
-91.1328,30.1702,5,1996-06-01
-90.3896,29.9245,5,1996-06-01
-90.7123,29.9634,5,1996-06-01
-90.5438,29.6885,5,1996-06-01
-90.7007,29.5513,5,1996-06-01
-90.8159,29.8516,5,1996-06-01
-90.4817,29.5762,5,1996-06-01
-90.7745,29.595,5,1996-06-01
-90.8597,29.7881,5,1996-06-01
-90.6791,29.5689,5,1996-06-01
-90.7641,29.6909,5,1996-06-01
-90.7791,29.6903,5,1996-06-01
-90.536,29.6835,5,1996-06-01
-90.8111,29.6989,5,1996-06-01
-90.7893,29.6111,5,1996-06-01
-90.5373,29.6836,5,1996-06-01
-90.6705,29.568,5,1996-06-01
-90.8386,29.8064,5,1996-06-01
-91.0248,30.148,5,1996-06-01
-90.5329,29.6893,1,2016-06-01
-90.5312,29.6808,1,2016-06-01
-91.0446,30.1565,1,2016-06-01
-90.3923,29.9214,1,2016-06-01
-90.7651,29.6907,1,2016-06-01
-90.8516,29.7929,1,2016-06-01
-91.0184,29.9907,1,2016-06-01
-90.5357,29.6892,1,2016-06-01
-90.6702,29.5669,1,2016-06-01
-90.6021,29.7418,1,2016-06-01
-90.6868,29.5503,1,2016-06-01
-91.1328,30.1702,1,2016-06-01
-90.3896,29.9245,1,2016-06-01
-90.7123,29.9634,1,2016-06-01
-90.5438,29.6885,1,2016-06-01
-90.7007,29.5513,1,2016-06-01
-90.8159,29.8516,1,2016-06-01
-90.4817,29.5762,1,2016-06-01
-90.7745,29.595,1,2016-06-01
-90.8597,29.7881,1,2016-06-01
-90.6791,29.5689,1,2016-06-01
-90.7641,29.6909,1,2016-06-01
-90.7791,29.6903,1,2016-06-01
-90.536,29.6835,1,2016-06-01
-90.8111,29.6989,1,2016-06-01
-90.7893,29.6111,1,2016-06-01
-90.5373,29.6836,1,2016-06-01
-90.6705,29.568,1,2016-06-01
-90.8386,29.8064,1,2016-06-01
-91.0248,30.148,1,2016-06-01
-90.9504,30.0989,5,1996-06-01
-90.853,29.7859,5,1996-06-01
-90.7767,29.694,5,1996-06-01
-91.0234,30.0695,5,1996-06-01
-90.8178,29.8514,5,1996-06-01
-90.8107,29.8492,5,1996-06-01
-90.7629,29.6708,5,1996-06-01
-91.0591,30.1918,5,1996-06-01
-90.5245,29.6466,5,1996-06-01
-90.739,29.5878,5,1996-06-01
-90.7381,29.5686,5,1996-06-01
-90.5017,30.0461,5,1996-06-01
-90.8532,29.7876,5,1996-06-01
-90.9308,30.0931,5,1996-06-01
-90.7811,29.604,5,1996-06-01
-90.9504,30.0989,3,2016-06-01
-90.853,29.7859,3,2016-06-01
-90.7767,29.694,3,2016-06-01
-91.0234,30.0695,3,2016-06-01
-90.8178,29.8514,3,2016-06-01
-90.8107,29.8492,3,2016-06-01
-90.7629,29.6708,3,2016-06-01
-91.0591,30.1918,3,2016-06-01
-90.5245,29.6466,3,2016-06-01
-90.739,29.5878,3,2016-06-01
-90.7381,29.5686,3,2016-06-01
-90.5017,30.0461,3,2016-06-01
-90.8532,29.7876,3,2016-06-01
-90.9308,30.0931,3,2016-06-01
-90.7811,29.604,3,2016-06-01
-90.9388,30.065,6,1996-06-01
-90.9374,30.0674,6,1996-06-01
-90.939,30.0661,6,1996-06-01
-89.6057,29.2546,6,1996-06-01
-90.9226,30.0797,6,1996-06-01
-91.0916,30.1643,6,1996-06-01
-90.936,30.0649,6,1996-06-01
-90.9383,30.0672,6,1996-06-01
-90.9312,30.0617,6,1996-06-01
-91.0905,30.1721,6,1996-06-01
-90.9398,30.0681,6,1996-06-01
-91.1606,29.6868,6,1996-06-01
-90.2553,29.9286,6,1996-06-01
-90.9363,30.0644,6,1996-06-01
-90.9358,30.0776,6,1996-06-01
-90.2521,29.9306,6,1996-06-01
-90.9372,30.0658,6,1996-06-01
-91.0975,30.1662,6,1996-06-01
-90.2519,29.9287,6,1996-06-01
-90.94,30.0659,6,1996-06-01
-90.9365,30.0658,6,1996-06-01
-90.9306,30.0614,6,1996-06-01
-90.671,29.5254,6,1996-06-01
-91.0908,30.1678,6,1996-06-01
-90.6697,29.5265,6,1996-06-01
-90.2532,29.9282,6,1996-06-01
-90.6695,29.5254,6,1996-06-01
-90.94,30.0662,6,1996-06-01
-90.9289,30.0684,6,1996-06-01
-91.09,30.1759,6,1996-06-01
-90.9388,30.065,5,2016-06-01
-90.9374,30.0674,5,2016-06-01
-90.939,30.0661,5,2016-06-01
-89.6057,29.2546,5,2016-06-01
-90.9226,30.0797,5,2016-06-01
-91.0916,30.1643,5,2016-06-01
-90.936,30.0649,5,2016-06-01
-90.9383,30.0672,5,2016-06-01
-90.9312,30.0617,5,2016-06-01
-91.0905,30.1721,5,2016-06-01
-90.9398,30.0681,5,2016-06-01
-91.1606,29.6868,5,2016-06-01
-90.2553,29.9286,5,2016-06-01
-90.9363,30.0644,5,2016-06-01
-90.9358,30.0776,5,2016-06-01
-90.2521,29.9306,5,2016-06-01
-90.9372,30.0658,5,2016-06-01
-91.0975,30.1662,5,2016-06-01
-90.2519,29.9287,5,2016-06-01
-90.94,30.0659,5,2016-06-01
-90.9365,30.0658,5,2016-06-01
-90.9306,30.0614,5,2016-06-01
-90.671,29.5254,5,2016-06-01
-91.0908,30.1678,5,2016-06-01
-90.6697,29.5265,5,2016-06-01
-90.2532,29.9282,5,2016-06-01
-90.6695,29.5254,5,2016-06-01
-90.94,30.0662,5,2016-06-01
-90.9289,30.0684,5,2016-06-01
-91.09,30.1759,5,2016-06-01
-91.1939,29.4398,6,1996-06-01
-90.2099,29.1584,6,1996-06-01
-90.2097,29.1565,6,1996-06-01
-90.7645,29.5815,6,1996-06-01
-90.3217,29.0669,6,1996-06-01
-90.7457,29.1199,6,1996-06-01
-90.2191,29.0889,6,1996-06-01
-90.7634,29.5795,6,1996-06-01
-91.17,29.3227,6,1996-06-01
-90.082,29.1729,6,1996-06-01
-90.5317,29.081,6,1996-06-01
-89.5602,29.2438,6,1996-06-01
-89.7565,29.3098,6,1996-06-01
-91.2185,29.3083,6,1996-06-01
-90.6797,29.0618,6,1996-06-01
-89.7725,29.3148,6,1996-06-01
-90.5376,29.084,6,1996-06-01
-90.0831,29.1708,6,1996-06-01
-90.7454,29.1199,6,1996-06-01
-90.7044,29.0565,6,1996-06-01
-90.21,29.1573,6,1996-06-01
-91.1932,29.4409,6,1996-06-01
-90.1243,29.1429,6,1996-06-01
-90.0817,29.1726,6,1996-06-01
-90.2085,29.1211,6,1996-06-01
-90.211,29.1566,6,1996-06-01
-89.9499,29.2622,6,1996-06-01
-91.0642,29.5543,6,1996-06-01
-90.537,29.0837,6,1996-06-01
-91.1917,29.4348,6,1996-06-01
-91.1939,29.4398,2,2016-06-01
-90.2099,29.1584,2,2016-06-01
-90.2097,29.1565,2,2016-06-01
-90.7645,29.5815,2,2016-06-01
-90.3217,29.0669,2,2016-06-01
-90.7457,29.1199,2,2016-06-01
-90.2191,29.0889,2,2016-06-01
-90.7634,29.5795,2,2016-06-01
-91.17,29.3227,2,2016-06-01
-90.082,29.1729,2,2016-06-01
-90.5317,29.081,2,2016-06-01
-89.5602,29.2438,2,2016-06-01
-89.7565,29.3098,2,2016-06-01
-91.2185,29.3083,2,2016-06-01
-90.6797,29.0618,2,2016-06-01
-89.7725,29.3148,2,2016-06-01
-90.5376,29.084,2,2016-06-01
-90.0831,29.1708,2,2016-06-01
-90.7454,29.1199,2,2016-06-01
-90.7044,29.0565,2,2016-06-01
-90.21,29.1573,2,2016-06-01
-91.1932,29.4409,2,2016-06-01
-90.1243,29.1429,2,2016-06-01
-90.0817,29.1726,2,2016-06-01
-90.2085,29.1211,2,2016-06-01
-90.211,29.1566,2,2016-06-01
-89.9499,29.2622,2,2016-06-01
-91.0642,29.5543,2,2016-06-01
-90.537,29.0837,2,2016-06-01
-91.1917,29.4348,2,2016-06-01
-90.8177,29.5304,6,1996-06-01
-89.8056,29.3148,6,1996-06-01
-90.6107,29.0937,6,1996-06-01
-89.4055,29.3237,6,1996-06-01
-90.2638,29.0891,6,1996-06-01
-90.1208,29.1446,6,1996-06-01
-90.3141,29.0698,6,1996-06-01
-90.1272,29.1404,6,1996-06-01
-90.145,29.1297,6,1996-06-01
-89.8075,29.3138,6,1996-06-01
-90.7274,29.0473,6,1996-06-01
-89.5433,29.2384,6,1996-06-01
-89.8066,29.3138,6,1996-06-01
-89.8668,29.3074,6,1996-06-01
-90.6484,29.0633,6,1996-06-01
-90.2598,29.0935,6,1996-06-01
-89.8852,29.3047,6,1996-06-01
-90.8063,29.0476,6,1996-06-01
-90.4502,29.0589,6,1996-06-01
-89.6003,29.2529,6,1996-06-01
-90.8288,29.0433,6,1996-06-01
-90.3992,29.0748,6,1996-06-01
-90.068,29.1792,6,1996-06-01
-90.3272,29.0626,6,1996-06-01
-89.8363,29.3176,6,1996-06-01
-90.0864,29.1672,6,1996-06-01
-90.2113,29.1387,6,1996-06-01
-90.1459,29.1289,6,1996-06-01
-90.1178,29.1464,6,1996-06-01
-89.8668,29.3072,6,1996-06-01
-90.8177,29.5304,1,2016-06-01
-89.8056,29.3148,1,2016-06-01
-90.6107,29.0937,1,2016-06-01
-89.4055,29.3237,1,2016-06-01
-90.2638,29.0891,1,2016-06-01
-90.1208,29.1446,1,2016-06-01
-90.3141,29.0698,1,2016-06-01
-90.1272,29.1404,1,2016-06-01
-90.145,29.1297,1,2016-06-01
-89.8075,29.3138,1,2016-06-01
-90.7274,29.0473,1,2016-06-01
-89.5433,29.2384,1,2016-06-01
-89.8066,29.3138,1,2016-06-01
-89.8668,29.3074,1,2016-06-01
-90.6484,29.0633,1,2016-06-01
-90.2598,29.0935,1,2016-06-01
-89.8852,29.3047,1,2016-06-01
-90.8063,29.0476,1,2016-06-01
-90.4502,29.0589,1,2016-06-01
-89.6003,29.2529,1,2016-06-01
-90.8288,29.0433,1,2016-06-01
-90.3992,29.0748,1,2016-06-01
-90.068,29.1792,1,2016-06-01
-90.3272,29.0626,1,2016-06-01
-89.8363,29.3176,1,2016-06-01
-90.0864,29.1672,1,2016-06-01
-90.2113,29.1387,1,2016-06-01
-90.1459,29.1289,1,2016-06-01
-90.1178,29.1464,1,2016-06-01
-89.8668,29.3072,1,2016-06-01
-90.562,29.4859,2,1996-06-01
-90.7626,29.8082,2,1996-06-01
-89.5554,29.2416,2,1996-06-01
-89.8281,29.5659,2,1996-06-01
-90.4371,29.6536,2,1996-06-01
-90.4949,29.5774,2,1996-06-01
-90.7132,29.3505,2,1996-06-01
-90.779,29.4198,2,1996-06-01
-90.6972,29.5622,2,1996-06-01
-90.733,29.6488,2,1996-06-01
-90.2563,29.9284,2,1996-06-01
-90.5767,29.4465,2,1996-06-01
-90.5719,29.459,2,1996-06-01
-90.7131,29.3477,2,1996-06-01
-90.779,29.4201,2,1996-06-01
-90.6815,30.006,2,1996-06-01
-90.7787,29.4203,2,1996-06-01
-90.7806,29.4199,2,1996-06-01
-90.6241,29.5852,2,1996-06-01
-91.0822,29.8997,2,1996-06-01
-90.2489,29.9269,2,1996-06-01
-90.5701,29.4811,2,1996-06-01
-90.6814,30.0068,2,1996-06-01
-90.571,29.482,2,1996-06-01
-90.5689,29.4805,2,1996-06-01
-91.0345,29.6559,2,1996-06-01
-90.5587,29.4854,2,1996-06-01
-91.0746,30.1771,2,1996-06-01
-90.7327,29.6485,2,1996-06-01
-90.7132,29.3497,2,1996-06-01
-90.562,29.4859,5,2016-06-01
-90.7626,29.8082,5,2016-06-01
-89.5554,29.2416,5,2016-06-01
-89.8281,29.5659,5,2016-06-01
-90.4371,29.6536,5,2016-06-01
-90.4949,29.5774,5,2016-06-01
-90.7132,29.3505,5,2016-06-01
-90.779,29.4198,5,2016-06-01
-90.6972,29.5622,5,2016-06-01
-90.733,29.6488,5,2016-06-01
-90.2563,29.9284,5,2016-06-01
-90.5767,29.4465,5,2016-06-01
-90.5719,29.459,5,2016-06-01
-90.7131,29.3477,5,2016-06-01
-90.779,29.4201,5,2016-06-01
-90.6815,30.006,5,2016-06-01
-90.7787,29.4203,5,2016-06-01
-90.7806,29.4199,5,2016-06-01
-90.6241,29.5852,5,2016-06-01
-91.0822,29.8997,5,2016-06-01
-90.2489,29.9269,5,2016-06-01
-90.5701,29.4811,5,2016-06-01
-90.6814,30.0068,5,2016-06-01
-90.571,29.482,5,2016-06-01
-90.5689,29.4805,5,2016-06-01
-91.0345,29.6559,5,2016-06-01
-90.5587,29.4854,5,2016-06-01
-91.0746,30.1771,5,2016-06-01
-90.7327,29.6485,5,2016-06-01
-90.7132,29.3497,5,2016-06-01
-89.83,29.5576,2,1996-06-01
-90.2327,29.8727,2,1996-06-01
-90.1931,29.1298,2,1996-06-01
-90.2709,29.8796,2,1996-06-01
-90.2002,29.1332,2,1996-06-01
-90.6436,29.3169,2,1996-06-01
-90.2111,29.871,2,1996-06-01
-90.283,29.9119,2,1996-06-01
-90.2882,29.9119,2,1996-06-01
-89.6086,29.391,2,1996-06-01
-90.213,29.8703,2,1996-06-01
-90.1195,29.871,2,1996-06-01
-89.8785,29.3078,2,1996-06-01
-90.2118,29.1311,2,1996-06-01
-90.0338,29.7905,2,1996-06-01
-90.2114,29.1319,2,1996-06-01
-90.2333,29.873,2,1996-06-01
-90.159,29.894,2,1996-06-01
-90.1335,29.872,2,1996-06-01
-89.3851,29.3108,2,1996-06-01
-90.1797,29.8704,2,1996-06-01
-90.387,29.9114,2,1996-06-01
-90.2285,29.8714,2,1996-06-01
-90.2166,29.1555,2,1996-06-01
-90.2266,29.8754,2,1996-06-01
-90.2195,29.8707,2,1996-06-01
-90.2136,29.8706,2,1996-06-01
-90.0968,29.7931,2,1996-06-01
-90.2002,29.8707,2,1996-06-01
-90.3889,29.9074,2,1996-06-01
-89.83,29.5576,6,2016-06-01
-90.2327,29.8727,6,2016-06-01
-90.1931,29.1298,6,2016-06-01
-90.2709,29.8796,6,2016-06-01
-90.2002,29.1332,6,2016-06-01
-90.6436,29.3169,6,2016-06-01
-90.2111,29.871,6,2016-06-01
-90.283,29.9119,6,2016-06-01
-90.2882,29.9119,6,2016-06-01
-89.6086,29.391,6,2016-06-01
-90.213,29.8703,6,2016-06-01
-90.1195,29.871,6,2016-06-01
-89.8785,29.3078,6,2016-06-01
-90.2118,29.1311,6,2016-06-01
-90.0338,29.7905,6,2016-06-01
-90.2114,29.1319,6,2016-06-01
-90.2333,29.873,6,2016-06-01
-90.159,29.894,6,2016-06-01
-90.1335,29.872,6,2016-06-01
-89.3851,29.3108,6,2016-06-01
-90.1797,29.8704,6,2016-06-01
-90.387,29.9114,6,2016-06-01
-90.2285,29.8714,6,2016-06-01
-90.2166,29.1555,6,2016-06-01
-90.2266,29.8754,6,2016-06-01
-90.2195,29.8707,6,2016-06-01
-90.2136,29.8706,6,2016-06-01
-90.0968,29.7931,6,2016-06-01
-90.2002,29.8707,6,2016-06-01
-90.3889,29.9074,6,2016-06-01
-91.0743,30.1754,2,1996-06-01
-90.9129,29.9122,2,1996-06-01
-90.2316,29.4105,2,1996-06-01
-90.7954,29.3851,2,1996-06-01
-90.8928,29.5713,2,1996-06-01
-91.1578,29.5428,2,1996-06-01
-90.8085,29.5668,2,1996-06-01
-91.1223,30.1148,2,1996-06-01
-90.2711,29.9202,2,1996-06-01
-90.9492,30.0658,2,1996-06-01
-90.7315,29.9532,2,1996-06-01
-90.1304,29.7252,2,1996-06-01
-91.1546,29.7567,2,1996-06-01
-90.5384,29.7302,2,1996-06-01
-91.1528,29.5905,2,1996-06-01
-91.0743,30.1754,3,2016-06-01
-90.9129,29.9122,3,2016-06-01
-90.2316,29.4105,3,2016-06-01
-90.7954,29.3851,3,2016-06-01
-90.8928,29.5713,3,2016-06-01
-91.1578,29.5428,3,2016-06-01
-90.8085,29.5668,3,2016-06-01
-91.1223,30.1148,3,2016-06-01
-90.2711,29.9202,3,2016-06-01
-90.9492,30.0658,3,2016-06-01
-90.7315,29.9532,3,2016-06-01
-90.1304,29.7252,3,2016-06-01
-91.1546,29.7567,3,2016-06-01
-90.5384,29.7302,3,2016-06-01
-91.1528,29.5905,3,2016-06-01
-90.9771,29.3465,2,1996-06-01
-90.4174,29.4693,2,1996-06-01
-90.6719,29.4523,2,1996-06-01
-89.957,29.5284,2,1996-06-01
-91.0385,29.397,2,1996-06-01
-90.6335,29.4048,2,1996-06-01
-90.5662,29.2881,2,1996-06-01
-89.8245,29.5543,2,1996-06-01
-90.7757,29.1221,2,1996-06-01
-90.206,29.302,2,1996-06-01
-91.3085,29.2876,2,1996-06-01
-90.6156,29.2358,2,1996-06-01
-89.8026,29.5577,2,1996-06-01
-90.7768,29.1526,2,1996-06-01
-90.0766,29.7345,2,1996-06-01
-90.9808,29.4095,2,1996-06-01
-91.013,29.5536,2,1996-06-01
-89.4335,29.2698,2,1996-06-01
-90.9305,29.3616,2,1996-06-01
-90.4398,29.0565,2,1996-06-01
-90.8252,29.4234,2,1996-06-01
-90.5311,29.3056,2,1996-06-01
-90.3428,29.0596,2,1996-06-01
-90.5499,29.4568,2,1996-06-01
-90.2831,29.8672,2,1996-06-01
-89.8946,29.3228,2,1996-06-01
-90.3293,29.3042,2,1996-06-01
-89.8753,29.5512,2,1996-06-01
-90.3909,29.4899,2,1996-06-01
-89.6852,29.294,2,1996-06-01
-90.9771,29.3465,1,2016-06-01
-90.4174,29.4693,1,2016-06-01
-90.6719,29.4523,1,2016-06-01
-89.957,29.5284,1,2016-06-01
-91.0385,29.397,1,2016-06-01
-90.6335,29.4048,1,2016-06-01
-90.5662,29.2881,1,2016-06-01
-89.8245,29.5543,1,2016-06-01
-90.7757,29.1221,1,2016-06-01
-90.206,29.302,1,2016-06-01
-91.3085,29.2876,1,2016-06-01
-90.6156,29.2358,1,2016-06-01
-89.8026,29.5577,1,2016-06-01
-90.7768,29.1526,1,2016-06-01
-90.0766,29.7345,1,2016-06-01
-90.9808,29.4095,1,2016-06-01
-91.013,29.5536,1,2016-06-01
-89.4335,29.2698,1,2016-06-01
-90.9305,29.3616,1,2016-06-01
-90.4398,29.0565,1,2016-06-01
-90.8252,29.4234,1,2016-06-01
-90.5311,29.3056,1,2016-06-01
-90.3428,29.0596,1,2016-06-01
-90.5499,29.4568,1,2016-06-01
-90.2831,29.8672,1,2016-06-01
-89.8946,29.3228,1,2016-06-01
-90.3293,29.3042,1,2016-06-01
-89.8753,29.5512,1,2016-06-01
-90.3909,29.4899,1,2016-06-01
-89.6852,29.294,1,2016-06-01
-91.2158,29.4931,2,1996-06-01
-91.0563,29.6425,2,1996-06-01
-90.2307,29.8913,2,1996-06-01
-90.9035,29.5954,2,1996-06-01
-91.1583,29.4756,2,1996-06-01
-91.0481,29.495,2,1996-06-01
-91.1032,29.5802,2,1996-06-01
-90.0925,29.8292,2,1996-06-01
-90.7104,29.3926,2,1996-06-01
-91.2526,29.4456,2,1996-06-01
-91.0576,29.5177,2,1996-06-01
-90.921,29.8817,2,1996-06-01
-91.145,29.6119,2,1996-06-01
-90.8755,29.5751,2,1996-06-01
-90.4431,29.9056,2,1996-06-01
-91.2158,29.4931,3,2016-06-01
-91.0563,29.6425,3,2016-06-01
-90.2307,29.8913,3,2016-06-01
-90.9035,29.5954,3,2016-06-01
-91.1583,29.4756,3,2016-06-01
-91.0481,29.495,3,2016-06-01
-91.1032,29.5802,3,2016-06-01
-90.0925,29.8292,3,2016-06-01
-90.7104,29.3926,3,2016-06-01
-91.2526,29.4456,3,2016-06-01
-91.0576,29.5177,3,2016-06-01
-90.921,29.8817,3,2016-06-01
-91.145,29.6119,3,2016-06-01
-90.8755,29.5751,3,2016-06-01
-90.4431,29.9056,3,2016-06-01
-90.74,29.7193,3,1996-06-01
-90.2376,29.9239,3,1996-06-01
-90.953,30.0714,3,1996-06-01
-90.2377,29.922,3,1996-06-01
-90.6862,29.5546,3,1996-06-01
-90.9803,30.0291,3,1996-06-01
-90.9862,30.0283,3,1996-06-01
-90.9835,30.0319,3,1996-06-01
-90.8554,29.8513,3,1996-06-01
-90.9724,30.0298,3,1996-06-01
-90.3576,29.5256,3,1996-06-01
-90.8591,29.8474,3,1996-06-01
-90.597,29.5969,3,1996-06-01
-91.0274,30.1013,3,1996-06-01
-91.0629,30.2014,3,1996-06-01
-90.74,29.7193,5,2016-06-01
-90.2376,29.9239,5,2016-06-01
-90.953,30.0714,5,2016-06-01
-90.2377,29.922,5,2016-06-01
-90.6862,29.5546,5,2016-06-01
-90.9803,30.0291,5,2016-06-01
-90.9862,30.0283,5,2016-06-01
-90.9835,30.0319,5,2016-06-01
-90.8554,29.8513,5,2016-06-01
-90.9724,30.0298,5,2016-06-01
-90.3576,29.5256,5,2016-06-01
-90.8591,29.8474,5,2016-06-01
-90.597,29.5969,5,2016-06-01
-91.0274,30.1013,5,2016-06-01
-91.0629,30.2014,5,2016-06-01
-89.9857,29.8656,3,1996-06-01
-90.2328,29.9158,3,1996-06-01
-90.4485,29.9738,3,1996-06-01
-90.1965,29.8881,3,1996-06-01
-90.2001,29.8845,3,1996-06-01
-90.3206,29.4684,3,1996-06-01
-90.2268,29.3967,3,1996-06-01
-90.2431,29.9201,3,1996-06-01
-90.3069,29.5232,3,1996-06-01
-90.2641,29.9315,3,1996-06-01
-90.3022,29.9129,3,1996-06-01
-90.2456,29.9203,3,1996-06-01
-90.2459,29.9344,3,1996-06-01
-89.9903,29.8621,3,1996-06-01
-90.2362,29.9171,3,1996-06-01
-89.9857,29.8656,6,2016-06-01
-90.2328,29.9158,6,2016-06-01
-90.4485,29.9738,6,2016-06-01
-90.1965,29.8881,6,2016-06-01
-90.2001,29.8845,6,2016-06-01
-90.3206,29.4684,6,2016-06-01
-90.2268,29.3967,6,2016-06-01
-90.2431,29.9201,6,2016-06-01
-90.3069,29.5232,6,2016-06-01
-90.2641,29.9315,6,2016-06-01
-90.3022,29.9129,6,2016-06-01
-90.2456,29.9203,6,2016-06-01
-90.2459,29.9344,6,2016-06-01
-89.9903,29.8621,6,2016-06-01
-90.2362,29.9171,6,2016-06-01
-90.7793,29.67,3,1996-06-01
-90.9438,29.8852,3,1996-06-01
-90.7013,29.5738,3,1996-06-01
-89.9913,29.8854,3,1996-06-01
-90.9304,30.0121,3,1996-06-01
-90.7698,29.5213,3,1996-06-01
-90.3852,29.9134,3,1996-06-01
-90.5039,29.81,3,1996-06-01
-90.4969,29.7807,3,1996-06-01
-90.2645,29.9383,3,1996-06-01
-90.7055,29.6488,3,1996-06-01
-90.5652,29.5207,3,1996-06-01
-90.332,29.8901,3,1996-06-01
-90.7751,29.7315,3,1996-06-01
-90.1318,29.7278,3,1996-06-01
-90.7793,29.67,2,2016-06-01
-90.9438,29.8852,2,2016-06-01
-90.7013,29.5738,2,2016-06-01
-89.9913,29.8854,2,2016-06-01
-90.9304,30.0121,2,2016-06-01
-90.7698,29.5213,2,2016-06-01
-90.3852,29.9134,2,2016-06-01
-90.5039,29.81,2,2016-06-01
-90.4969,29.7807,2,2016-06-01
-90.2645,29.9383,2,2016-06-01
-90.7055,29.6488,2,2016-06-01
-90.5652,29.5207,2,2016-06-01
-90.332,29.8901,2,2016-06-01
-90.7751,29.7315,2,2016-06-01
-90.1318,29.7278,2,2016-06-01
-90.9537,30.07,3,1996-06-01
-89.4474,29.3515,3,1996-06-01
-91.1465,30.0005,3,1996-06-01
-90.7688,29.6161,3,1996-06-01
-90.735,29.9127,3,1996-06-01
-91.2069,29.9204,3,1996-06-01
-91.1427,30.0109,3,1996-06-01
-90.9009,29.5869,3,1996-06-01
-90.9231,29.8818,3,1996-06-01
-90.6454,29.8068,3,1996-06-01
-90.9885,29.6091,3,1996-06-01
-90.6047,29.4853,3,1996-06-01
-90.6064,29.4786,3,1996-06-01
-90.0356,29.79,3,1996-06-01
-90.2349,29.8761,3,1996-06-01
-90.9537,30.07,1,2016-06-01
-89.4474,29.3515,1,2016-06-01
-91.1465,30.0005,1,2016-06-01
-90.7688,29.6161,1,2016-06-01
-90.735,29.9127,1,2016-06-01
-91.2069,29.9204,1,2016-06-01
-91.1427,30.0109,1,2016-06-01
-90.9009,29.5869,1,2016-06-01
-90.9231,29.8818,1,2016-06-01
-90.6454,29.8068,1,2016-06-01
-90.9885,29.6091,1,2016-06-01
-90.6047,29.4853,1,2016-06-01
-90.6064,29.4786,1,2016-06-01
-90.0356,29.79,1,2016-06-01
-90.2349,29.8761,1,2016-06-01
-90.7376,29.9624,1,1996-06-01
-90.7733,29.4133,1,1996-06-01
-89.6074,29.2685,1,1996-06-01
-90.1619,29.6896,1,1996-06-01
-90.9296,30.0619,1,1996-06-01
-91.0725,30.0457,1,1996-06-01
-89.556,29.2421,1,1996-06-01
-91.0947,30.1647,1,1996-06-01
-91.1224,30.114,1,1996-06-01
-90.7152,29.3386,1,1996-06-01
-90.9268,30.0667,1,1996-06-01
-90.9343,30.0716,1,1996-06-01
-90.0435,29.6251,1,1996-06-01
-90.9338,30.0846,1,1996-06-01
-90.8484,29.8442,1,1996-06-01
-90.7707,29.4145,1,1996-06-01
-90.7379,29.9622,1,1996-06-01
-89.9718,29.6759,1,1996-06-01
-90.9318,30.0672,1,1996-06-01
-91.0935,30.1652,1,1996-06-01
-90.9308,30.0674,1,1996-06-01
-90.9241,30.0297,1,1996-06-01
-90.9286,30.0627,1,1996-06-01
-89.5505,29.2405,1,1996-06-01
-90.9296,30.0627,1,1996-06-01
-89.4647,29.2706,1,1996-06-01
-90.0602,29.6868,1,1996-06-01
-90.7299,29.3657,1,1996-06-01
-90.1521,29.7801,1,1996-06-01
-91.0068,29.6728,1,1996-06-01
-90.7376,29.9624,5,2016-06-01
-90.7733,29.4133,5,2016-06-01
-89.6074,29.2685,5,2016-06-01
-90.1619,29.6896,5,2016-06-01
-90.9296,30.0619,5,2016-06-01
-91.0725,30.0457,5,2016-06-01
-89.556,29.2421,5,2016-06-01
-91.0947,30.1647,5,2016-06-01
-91.1224,30.114,5,2016-06-01
-90.7152,29.3386,5,2016-06-01
-90.9268,30.0667,5,2016-06-01
-90.9343,30.0716,5,2016-06-01
-90.0435,29.6251,5,2016-06-01
-90.9338,30.0846,5,2016-06-01
-90.8484,29.8442,5,2016-06-01
-90.7707,29.4145,5,2016-06-01
-90.7379,29.9622,5,2016-06-01
-89.9718,29.6759,5,2016-06-01
-90.9318,30.0672,5,2016-06-01
-91.0935,30.1652,5,2016-06-01
-90.9308,30.0674,5,2016-06-01
-90.9241,30.0297,5,2016-06-01
-90.9286,30.0627,5,2016-06-01
-89.5505,29.2405,5,2016-06-01
-90.9296,30.0627,5,2016-06-01
-89.4647,29.2706,5,2016-06-01
-90.0602,29.6868,5,2016-06-01
-90.7299,29.3657,5,2016-06-01
-90.1521,29.7801,5,2016-06-01
-91.0068,29.6728,5,2016-06-01
-90.0441,29.6298,1,1996-06-01
-90.0306,29.6193,1,1996-06-01
-90.2018,29.1194,1,1996-06-01
-90.1955,29.1435,1,1996-06-01
-90.2136,29.1545,1,1996-06-01
-90.2036,29.1521,1,1996-06-01
-90.6774,29.5913,1,1996-06-01
-89.8909,29.308,1,1996-06-01
-90.084,29.6279,1,1996-06-01
-90.2097,29.1532,1,1996-06-01
-91.1244,29.3839,1,1996-06-01
-90.5231,29.0757,1,1996-06-01
-90.1953,29.1416,1,1996-06-01
-90.6891,29.0593,1,1996-06-01
-91.0989,29.6597,1,1996-06-01
-90.1955,29.1394,1,1996-06-01
-90.0124,29.6568,1,1996-06-01
-90.0105,29.6564,1,1996-06-01
-90.0327,29.8438,1,1996-06-01
-90.7067,29.564,1,1996-06-01
-90.0407,29.6261,1,1996-06-01
-90.192,29.1317,1,1996-06-01
-90.7091,29.6048,1,1996-06-01
-90.2555,29.5446,1,1996-06-01
-90.2132,29.1556,1,1996-06-01
-89.7172,29.4937,1,1996-06-01
-90.8663,29.0538,1,1996-06-01
-90.2021,29.1382,1,1996-06-01
-90.5397,29.085,1,1996-06-01
-90.6985,29.5468,1,1996-06-01
-90.0441,29.6298,6,2016-06-01
-90.0306,29.6193,6,2016-06-01
-90.2018,29.1194,6,2016-06-01
-90.1955,29.1435,6,2016-06-01
-90.2136,29.1545,6,2016-06-01
-90.2036,29.1521,6,2016-06-01
-90.6774,29.5913,6,2016-06-01
-89.8909,29.308,6,2016-06-01
-90.084,29.6279,6,2016-06-01
-90.2097,29.1532,6,2016-06-01
-91.1244,29.3839,6,2016-06-01
-90.5231,29.0757,6,2016-06-01
-90.1953,29.1416,6,2016-06-01
-90.6891,29.0593,6,2016-06-01
-91.0989,29.6597,6,2016-06-01
-90.1955,29.1394,6,2016-06-01
-90.0124,29.6568,6,2016-06-01
-90.0105,29.6564,6,2016-06-01
-90.0327,29.8438,6,2016-06-01
-90.7067,29.564,6,2016-06-01
-90.0407,29.6261,6,2016-06-01
-90.192,29.1317,6,2016-06-01
-90.7091,29.6048,6,2016-06-01
-90.2555,29.5446,6,2016-06-01
-90.2132,29.1556,6,2016-06-01
-89.7172,29.4937,6,2016-06-01
-90.8663,29.0538,6,2016-06-01
-90.2021,29.1382,6,2016-06-01
-90.5397,29.085,6,2016-06-01
-90.6985,29.5468,6,2016-06-01
-90.2858,29.8151,1,1996-06-01
-90.9713,29.4327,1,1996-06-01
-90.9665,29.4094,1,1996-06-01
-91.1209,29.5103,1,1996-06-01
-90.8318,29.5462,1,1996-06-01
-89.8793,29.3079,1,1996-06-01
-90.9482,29.3804,1,1996-06-01
-90.7024,29.6392,1,1996-06-01
-90.0422,29.7589,1,1996-06-01
-90.9762,29.4294,1,1996-06-01
-90.7308,29.5495,1,1996-06-01
-90.6525,29.6486,1,1996-06-01
-90.9918,29.4222,1,1996-06-01
-91.1048,29.5055,1,1996-06-01
-90.5231,29.5579,1,1996-06-01
-90.2004,29.1524,1,1996-06-01
-90.1163,29.5917,1,1996-06-01
-90.1084,29.5804,1,1996-06-01
-91.2047,29.5462,1,1996-06-01
-90.4682,29.5635,1,1996-06-01
-90.1815,29.4669,1,1996-06-01
-90.3165,29.7395,1,1996-06-01
-91.0485,29.566,1,1996-06-01
-90.5136,29.5748,1,1996-06-01
-90.4503,29.8913,1,1996-06-01
-89.9848,29.2525,1,1996-06-01
-90.9071,29.5614,1,1996-06-01
-90.9821,29.3367,1,1996-06-01
-90.161,29.1411,1,1996-06-01
-90.209,29.1529,1,1996-06-01
-90.2858,29.8151,2,2016-06-01
-90.9713,29.4327,2,2016-06-01
-90.9665,29.4094,2,2016-06-01
-91.1209,29.5103,2,2016-06-01
-90.8318,29.5462,2,2016-06-01
-89.8793,29.3079,2,2016-06-01
-90.9482,29.3804,2,2016-06-01
-90.7024,29.6392,2,2016-06-01
-90.0422,29.7589,2,2016-06-01
-90.9762,29.4294,2,2016-06-01
-90.7308,29.5495,2,2016-06-01
-90.6525,29.6486,2,2016-06-01
-90.9918,29.4222,2,2016-06-01
-91.1048,29.5055,2,2016-06-01
-90.5231,29.5579,2,2016-06-01
-90.2004,29.1524,2,2016-06-01
-90.1163,29.5917,2,2016-06-01
-90.1084,29.5804,2,2016-06-01
-91.2047,29.5462,2,2016-06-01
-90.4682,29.5635,2,2016-06-01
-90.1815,29.4669,2,2016-06-01
-90.3165,29.7395,2,2016-06-01
-91.0485,29.566,2,2016-06-01
-90.5136,29.5748,2,2016-06-01
-90.4503,29.8913,2,2016-06-01
-89.9848,29.2525,2,2016-06-01
-90.9071,29.5614,2,2016-06-01
-90.9821,29.3367,2,2016-06-01
-90.161,29.1411,2,2016-06-01
-90.209,29.1529,2,2016-06-01
-90.5691,29.6472,1,1996-06-01
-90.453,29.637,1,1996-06-01
-90.3699,29.5268,1,1996-06-01
-90.8193,29.5616,1,1996-06-01
-90.6301,29.7881,1,1996-06-01
-90.5916,29.4827,1,1996-06-01
-91.2009,29.4393,1,1996-06-01
-90.5933,29.4809,1,1996-06-01
-90.0984,29.6427,1,1996-06-01
-90.8224,29.5373,1,1996-06-01
-90.6405,29.8046,1,1996-06-01
-91.2353,29.5256,1,1996-06-01
-90.6349,29.8052,1,1996-06-01
-90.3718,29.5255,1,1996-06-01
-90.6194,29.8849,1,1996-06-01
-90.5691,29.6472,3,2016-06-01
-90.453,29.637,3,2016-06-01
-90.3699,29.5268,3,2016-06-01
-90.8193,29.5616,3,2016-06-01
-90.6301,29.7881,3,2016-06-01
-90.5916,29.4827,3,2016-06-01
-91.2009,29.4393,3,2016-06-01
-90.5933,29.4809,3,2016-06-01
-90.0984,29.6427,3,2016-06-01
-90.8224,29.5373,3,2016-06-01
-90.6405,29.8046,3,2016-06-01
-91.2353,29.5256,3,2016-06-01
-90.6349,29.8052,3,2016-06-01
-90.3718,29.5255,3,2016-06-01
-90.6194,29.8849,3,2016-06-01
-90.9879,29.3478,1,1996-06-01
-90.4216,29.559,1,1996-06-01
-91.0873,29.5803,1,1996-06-01
-90.461,29.5634,1,1996-06-01
-90.4614,29.9195,1,1996-06-01
-90.4613,29.564,1,1996-06-01
-90.9037,29.5458,1,1996-06-01
-91.2437,29.5032,1,1996-06-01
-90.9616,29.6908,1,1996-06-01
-90.4456,29.8951,1,1996-06-01
-90.4705,29.5653,1,1996-06-01
-89.4164,29.2161,1,1996-06-01
-90.4678,29.5643,1,1996-06-01
-90.9392,29.8896,1,1996-06-01
-90.9315,29.543,1,1996-06-01
-90.9879,29.3478,3,2016-06-01
-90.4216,29.559,3,2016-06-01
-91.0873,29.5803,3,2016-06-01
-90.461,29.5634,3,2016-06-01
-90.4614,29.9195,3,2016-06-01
-90.4613,29.564,3,2016-06-01
-90.9037,29.5458,3,2016-06-01
-91.2437,29.5032,3,2016-06-01
-90.9616,29.6908,3,2016-06-01
-90.4456,29.8951,3,2016-06-01
-90.4705,29.5653,3,2016-06-01
-89.4164,29.2161,3,2016-06-01
-90.4678,29.5643,3,2016-06-01
-90.9392,29.8896,3,2016-06-01
-90.9315,29.543,3,2016-06-01
-90.3743,29.5625,3,1996-06-01
-90.7125,29.5307,3,1996-06-01
-91.1294,29.6502,3,1996-06-01
-91.0697,29.5594,3,1996-06-01
-90.4196,29.5431,3,1996-06-01
-89.6185,29.4342,3,1996-06-01
-90.1069,29.6974,3,1996-06-01
-90.7093,29.4294,3,1996-06-01
-90.5411,29.4677,3,1996-06-01
-90.78,29.748,3,1996-06-01
-91.1123,29.5573,3,1996-06-01
-90.4599,29.6412,3,1996-06-01
-90.5636,29.4417,3,1996-06-01
-90.524,29.7506,3,1996-06-01
-90.7101,29.4753,3,1996-06-01
-90.3743,29.5625,2,2016-06-01
-90.7125,29.5307,2,2016-06-01
-91.1294,29.6502,2,2016-06-01
-91.0697,29.5594,2,2016-06-01
-90.4196,29.5431,2,2016-06-01
-89.6185,29.4342,2,2016-06-01
-90.1069,29.6974,2,2016-06-01
-90.7093,29.4294,2,2016-06-01
-90.5411,29.4677,2,2016-06-01
-90.78,29.748,2,2016-06-01
-91.1123,29.5573,2,2016-06-01
-90.4599,29.6412,2,2016-06-01
-90.5636,29.4417,2,2016-06-01
-90.524,29.7506,2,2016-06-01
-90.7101,29.4753,2,2016-06-01
-90.6008,29.484,3,1996-06-01
-90.5592,29.4518,3,1996-06-01
-90.5373,29.4743,3,1996-06-01
-91.1389,29.6422,3,1996-06-01
-90.7065,29.3911,3,1996-06-01
-91.1942,30.0164,3,1996-06-01
-90.5969,29.4873,3,1996-06-01
-90.3645,29.5877,3,1996-06-01
-91.229,30.0071,3,1996-06-01
-90.0485,29.1952,3,1996-06-01
-90.6005,29.4837,3,1996-06-01
-90.6095,29.4793,3,1996-06-01
-91.1764,29.5366,3,1996-06-01
-91.1333,29.6587,3,1996-06-01
-91.1644,29.6092,3,1996-06-01
-90.6008,29.484,1,2016-06-01
-90.5592,29.4518,1,2016-06-01
-90.5373,29.4743,1,2016-06-01
-91.1389,29.6422,1,2016-06-01
-90.7065,29.3911,1,2016-06-01
-91.1942,30.0164,1,2016-06-01
-90.5969,29.4873,1,2016-06-01
-90.3645,29.5877,1,2016-06-01
-91.229,30.0071,1,2016-06-01
-90.0485,29.1952,1,2016-06-01
-90.6005,29.4837,1,2016-06-01
-90.6095,29.4793,1,2016-06-01
-91.1764,29.5366,1,2016-06-01
-91.1333,29.6587,1,2016-06-01
-91.1644,29.6092,1,2016-06-01
-90.7116,29.3363,3,1996-06-01
-90.245,29.8847,3,1996-06-01
-90.7103,29.41,3,1996-06-01
-90.2369,29.8762,3,1996-06-01
-89.7742,29.5406,3,1996-06-01
-90.2288,29.8763,3,1996-06-01
-90.2467,29.8867,3,1996-06-01
-90.7593,29.6693,3,1996-06-01
-90.228,29.8787,3,1996-06-01
-90.2441,29.8844,3,1996-06-01
-90.2311,29.8737,3,1996-06-01
-90.8227,29.3604,3,1996-06-01
-90.4873,29.5764,3,1996-06-01
-90.6766,29.9508,3,1996-06-01
-90.2289,29.879,3,1996-06-01
-90.7116,29.3363,5,2016-06-01
-90.245,29.8847,5,2016-06-01
-90.7103,29.41,5,2016-06-01
-90.2369,29.8762,5,2016-06-01
-89.7742,29.5406,5,2016-06-01
-90.2288,29.8763,5,2016-06-01
-90.2467,29.8867,5,2016-06-01
-90.7593,29.6693,5,2016-06-01
-90.228,29.8787,5,2016-06-01
-90.2441,29.8844,5,2016-06-01
-90.2311,29.8737,5,2016-06-01
-90.8227,29.3604,5,2016-06-01
-90.4873,29.5764,5,2016-06-01
-90.6766,29.9508,5,2016-06-01
-90.2289,29.879,5,2016-06-01
-90.229,29.8733,3,1996-06-01
-90.6562,29.5109,3,1996-06-01
-90.6611,29.5976,3,1996-06-01
-90.2448,29.8872,3,1996-06-01
-90.2454,29.8872,3,1996-06-01
-90.2679,29.9095,3,1996-06-01
-89.9509,29.6303,3,1996-06-01
-90.2506,29.8929,3,1996-06-01
-90.2486,29.8909,3,1996-06-01
-90.2454,29.9457,3,1996-06-01
-90.0647,29.8152,3,1996-06-01
-90.2521,29.8946,3,1996-06-01
-90.1589,29.9127,3,1996-06-01
-91.0771,30.1672,3,1996-06-01
-90.226,29.4032,3,1996-06-01
-90.229,29.8733,6,2016-06-01
-90.6562,29.5109,6,2016-06-01
-90.6611,29.5976,6,2016-06-01
-90.2448,29.8872,6,2016-06-01
-90.2454,29.8872,6,2016-06-01
-90.2679,29.9095,6,2016-06-01
-89.9509,29.6303,6,2016-06-01
-90.2506,29.8929,6,2016-06-01
-90.2486,29.8909,6,2016-06-01
-90.2454,29.9457,6,2016-06-01
-90.0647,29.8152,6,2016-06-01
-90.2521,29.8946,6,2016-06-01
-90.1589,29.9127,6,2016-06-01
-91.0771,30.1672,6,2016-06-01
-90.226,29.4032,6,2016-06-01
